Citations,Tectonic Setting,Location,Location Comment,Latitude (Min),Latitude (Max),Longitude (Min),Longitude (Max),Land or Sea,Elevation (Min),Elevation (Max),Sample Name,Rock Name,"Age (a, Min)","Age (a, Max)",Geol,Age,Eruption Day,Eruption Month,Eruption Year,Rock Texture,Rock Type,Drill Depth (Min),Drill Depth (Max),Alteration,Mineral,Material,Si,Ti,B,Al,Cr,Fe3+,Fe2+,Fetot(2+),Ca,Mg,Mn,Ni,K,Na,P,H2O,H2OP,H2OM,H2Otot,CO2,CO,F,Cl,Cl2,OH,CH4,SO2,SO3,SO4,S,LOI,Volatiles,O,Others,HE(CCM/G),HE(CCMSTP/G),HE3(CCMSTP/G),HE3(AT/G),HE4(CCM/G),HE4(CCMSTP/G),HE4(AT/G),HE4(MOLE/G),HE4(NCC/G),HE(NCC/G),Li,Be,B,C,CO2,F,Na,Mg,Al,P,S,Cl,K,Ca,Sc,Ti,V,Cr,Mn,Fe,Co,Ni,Cu,Zn,Ga,Ge,As,Se,Br,Rb,Sr,Y,Zr,Nb,Mo,Ru,Rh,Pd,Ag,Cd,In,Sn,Sb,Te,I,Cs,Ba,La,Ce,Pr,Nd,Sm,Eu,Gd,Tb,Dy,Ho,Er,Tm,Yb,Lu,Hf,Ta,W,Re,Os,Ir,Pt,Au,Hg,Tl,Pb,Bi,Th,U,Nd143/Nd144,Nd143/Nd144 initial,e Nd,Sr87/Sr86,SR87_SR86_INI,PB206_PB204,PB206_PB204_INI,PB207_PB204,PB207_PB204_INI,PB208_PB204,PB208_PB204_INI,OS184_OS188,OS186_OS188,OS187_OS186,OS187_OS188,RE187_OS186,RE187_OS188,HF176_HF177,HE3_HE4,HE3_HE4(R/R(A)),HE4_HE3,HE4_HE3(R/R(A)),K40_AR40,AR40_K40,Unique Id,
[6182],OCEAN ISLAND,EASTER SEAMOUNT CHAIN - SALAS Y GOMEZ RIDGE / EASTER ISLAND (RAPA NUI) / PACIFIC OCEAN,ROIHO LAVA FIELD,-26.92,-26.92,-109.35,-109.35,SUBAERIAL,,,s EAP7A [6182],BASALT [6182],,3000000 [6182],,,,,,,VOLCANIC ROCK,,,FRESH,,WHOLE_ROCK [6182] ,,,,,,,,,,,,,,,,,,,,,,,,,,,,,,,,,,,,,,,,,,,,,,,,,,,,,,,,,,,,,,,,,,,,,,,,,,,,,,,,,,,,,,,,,,,,97.4,126.2,,,24.1,,,,,,,,,,,,,,,,,,,,,,5.66,,,,,,,,,,,,,,,,,,,,,,,,,,138968,
[1241],OCEAN ISLAND,EASTER SEAMOUNT CHAIN - SALAS Y GOMEZ RIDGE / EASTER ISLAND (RAPA NUI) / TEREVAKA / PACIFIC OCEAN,SOUTHEASTERN SHORE,-27.17,-27.17,-109.33,-109.33,SUBAQUATIC,,,s F-45-72 [1241],"BASALT, PLAGIOCLASE-OLIVINE-CLINOPYROXENE [1241]",,,,,,,,,VOLCANIC ROCK,,,,,WHOLE_ROCK [1241] ,213150.36000000002,25412.016,,79916.901,,,,115817.7,58605.399999999994,26714.671999999995,1161.687,,5312.96,22997.567,3098.5890999999997,,,,,,,,,,,,,,,,28600.,,,,,,,,,,,,,,,,,,,,,,,,,,,,39,,315,42,,,34,4,,,,,,,,4,360,35,330,45,,,,,,,,,,,,,175,24,53,,33,9,3,8,1.4,,,,,4.2,0.6,7,2.2,,,,,,,,,,,2.3,0.67,,,,,,,,,,,,,,,,,,,,,,,,,15018,
[1241],OCEAN ISLAND,EASTER SEAMOUNT CHAIN - SALAS Y GOMEZ RIDGE / EASTER ISLAND (RAPA NUI) / TEREVAKA / PACIFIC OCEAN,"RANO RORAKU, TONGARIKA GROUP, BASEMENT",-27.17,-27.17,-109.33,-109.33,SUBAQUATIC,,,s F-84-72 [1241],"BASALT, PLAGIOCLASE-OLIVINE-CLINOPYROXENE [1241]",,,,,,,,,VOLCANIC ROCK,,,,,WHOLE_ROCK [1241] ,217824.71000000002,21875.91,,80975.403,,,,110376.59999999999,59463.04,26292.544,1239.1328,,6641.200000000001,24110.3525,3098.5890999999997,,,,,,,,,,,,,,,,21000.,,,,,,,,,,,,,,,,,,,,,,,,,,,,37,,300,39,,,32,7,,,,,,,,6,400,36,320,47,,,,,,,,,,,,,230,26,55,,32,7.7,2.6,9,1.45,,,,0.68,4.3,0.62,12,3,,,,,,,,,,,2.6,1,,,,,,,,,,,,,,,,,,,,,,,,,15019,
[1241],OCEAN ISLAND,EASTER SEAMOUNT CHAIN - SALAS Y GOMEZ RIDGE / EASTER ISLAND (RAPA NUI) / TEREVAKA / PACIFIC OCEAN,HANGA PICO BAY,-27.17,-27.17,-109.33,-109.33,SUBAQUATIC,,,s F-36-72 [1241],BASALT [1241],,,,,,,,SUBAPHYRIC [1241] ,VOLCANIC ROCK,,,,,WHOLE_ROCK [1241] ,226238.54,14504.027999999998,,77270.64600000001,,,,111153.90000000001,49242.829999999994,22674.303999999996,1239.1328,,6475.17,32048.222400000002,4407.8521,,,,,,,,,,,,,,,,21100.,,,,,,,,,,,,,,,,,,,,,,,,,,,,31,,63,25,,,14,3,,,,,,,,5,395,65,550,45,,,,,,,,,,,,,250,48,90,,53,13.1,4.05,13,2.16,14,,,1.17,7.2,1.08,13.5,4.1,,,,,,,,,,,4.2,1.2,,,,,,,,,,,,,,,,,,,,,,,,,15020,
[1241],OCEAN ISLAND,EASTER SEAMOUNT CHAIN - SALAS Y GOMEZ RIDGE / EASTER ISLAND (RAPA NUI) / TEREVAKA / PACIFIC OCEAN,HANGA PICO BAY,-27.17,-27.17,-109.33,-109.33,SUBAQUATIC,,,s F-35-72 [1241],BASALT [1241],,,,,,,,,VOLCANIC ROCK,,,,,WHOLE_ROCK [1241] ,230912.89,14504.027999999998,,28050.303,,,,108822,49671.65,21106.399999999998,1316.5786,,7471.35,31528.9225,4538.7784,,,,,,,,,,,,,,,,17200.,,,,,,,,,,,,,,,,,,,,,,,,,,,,28,,52,22,,,16,3,,,,,,,,11,369,75,500,60,,,,,,,,,,,,,245,54,105,,70,18.7,7.2,19,3.2,,,,,9,1.3,12,3.4,,,,,,,,,,,3.6,1.6,,,,,,,,,,,,,,,,,,,,,,,,,15021,
[1241],OCEAN ISLAND,EASTER SEAMOUNT CHAIN - SALAS Y GOMEZ RIDGE / EASTER ISLAND (RAPA NUI) / TEREVAKA / PACIFIC OCEAN,CAPE BETWEEN HANGA PICO BAY AND HANGA ROA BAYS,-27.17,-27.17,-109.33,-109.33,SUBAQUATIC,,,s F-75-52 [1241],BASALT [1241],,,,,,,,APHANITIC [1241] ,VOLCANIC ROCK,,,,,WHOLE_ROCK [1241] ,239326.72000000003,11986.8,,77270.64600000001,,,,103380.90000000001,44168.46,18573.631999999998,1471.4702,,10376.875,31528.9225,4145.9995,,,,,,,,,,,,,,,,23000.,,,,,,,,,,,,,,,,,,,,,,,,,,,,30,,62,21,,,17,3,,,,,,,,13,336,,,,,,,,,,,,,,,,197,56,97,,62,18,6.4,17,2.9,18,,,1.4,8,1.13,11.2,3.2,,,,,,,,,,,4.5,1.7,,,,,,,,,,,,,,,,,,,,,,,,,15022,
[1241],OCEAN ISLAND,EASTER SEAMOUNT CHAIN - SALAS Y GOMEZ RIDGE / EASTER ISLAND (RAPA NUI) / TEREVAKA / PACIFIC OCEAN,"HUTUITI CAPE, SOUTHEASTERN SHORE",-27.17,-27.17,-109.33,-109.33,SUBAQUATIC,,,s F-33-72 [1241],BASALT [1241],,,,,,,,SUBAPHYRIC [1241] ,VOLCANIC ROCK,,,,,WHOLE_ROCK [1241] ,239326.72000000003,14084.49,,77270.64600000001,,,,101049,50958.11,17488.16,1084.2412000000002,,9961.8,29674.28,4233.2837,,,,,,,,,,,,,,,,20299.999999999996,,,,,,,,,,,,,,,,,,,,,,,,,,,,27,,67,25,,,16,3,,,,,,,,16,365,70,500,55,,,,,,,,,,,,,250,50,103,,60,15.4,5.5,16,2.85,17,,,1.5,8.5,1.2,12.5,3,,,,,,,,,,,3.1,1.4,,,,,,,,,,,,,,,,,,,,,,,,,15023,
[1241],OCEAN ISLAND,EASTER SEAMOUNT CHAIN - SALAS Y GOMEZ RIDGE / EASTER ISLAND (RAPA NUI) / TEREVAKA / PACIFIC OCEAN,"SOUTH OF TE MIRO OONE, SOUTHEASTERN SHORE",-27.17,-27.17,-109.33,-109.33,SUBAQUATIC,,,s F-88-72 [1241],"ANDESITE, BASALTIC [1241]",,,,,,,,,VOLCANIC ROCK,,,,,WHOLE_ROCK [1241] ,244001.07000000004,12226.536,,81504.65400000001,,,,99494.40000000001,39094.09,16824.816,1084.2412000000002,,13282.400000000001,31157.994,3753.2206,,,,,,,,,,,,,,,,16700.,,,,,,,,,,,,,,,,,,,,,,,,,,,,28,,67,29,,,13,5,,,,,,,,20,350,100,550,60,,,,,,,,,,,,,290,61,122,,75,21.6,7.5,22,3.8,21,,,1.6,10,1.45,12,3.3,,,,,,,,,,,4.6,1.6,,,,,,,,,,,,,,,,,,,,,,,,,15024,
[1241],OCEAN ISLAND,EASTER SEAMOUNT CHAIN - SALAS Y GOMEZ RIDGE / EASTER ISLAND (RAPA NUI) / TEREVAKA / PACIFIC OCEAN,"ANAKENA BAY, NORTHERN SHORE",-27.17,-27.17,-109.33,-109.33,SUBAQUATIC,,,s F-89-72 [1241],"DOLERITE, OLIVINE-CLINOPYROXENE-PLAGIOCLASE [1241]",,,,,,,,,PLUTONIC ROCK,,,,,WHOLE_ROCK [1241] ,223433.93,12286.469999999998,,110613.459,,,,76952.7,64608.88,18030.896,851.9038,,5811.049999999999,22997.567,1178.3367,,,,,,,,,,,,,,,,23200.,,,,,,,,,,,,,,,,,,,,,,,,,,,,35,,184,78,,,28,26,,,,,,,,7,430,15,154,15,,,,,,,,,,,,,131,13,31,,17,4.9,1.95,6.1,1,5.7,,,0.4,2.3,0.33,5,1.4,,,,,,,,,,,1.8,0.6,,,,,,,,,,,,,,,,,,,,,,,,,15025,
[1241],OCEAN ISLAND,EASTER SEAMOUNT CHAIN - SALAS Y GOMEZ RIDGE / EASTER ISLAND (RAPA NUI) / MAUNGA ORITO / PACIFIC OCEAN,SLOPE OF VOLCANO,-27.17,-27.17,-109.33,-109.33,SUBAQUATIC,,,s F-80-72 [1241],BASALT [1241],,,,,,,,SUBAPHYRIC [1241] ,VOLCANIC ROCK,,,,,WHOLE_ROCK [1241] ,212215.49000000002,24872.61,,73565.88900000001,,,,118926.90000000001,59463.04,29729.871999999996,1316.5786,,4897.884999999999,24852.2095,2269.3892,,,,,,,,,,,,,,,,19800.,,,,,,,,,,,,,,,,,,,,,,,,,,,,42,,283,28,,,34,5,,,,,,,,3,350,36,330,32,,,,,,,,,,,,,150,25,50,,31,9.5,3.1,10,1.8,10.5,,,,4.6,0.7,7.5,2,,,,,,,,,,,2.5,0.9,,,,,,,,,,,,,,,,,,,,,,,,,15026,
[1241],OCEAN ISLAND,EASTER SEAMOUNT CHAIN - SALAS Y GOMEZ RIDGE / EASTER ISLAND (RAPA NUI) / VAO O HAO / PACIFIC OCEAN,,-27.17,-27.17,-109.33,-109.33,SUBAQUATIC,,,s F-34-72 [1241],BASALT [1241],,,,,,,,,VOLCANIC ROCK,,,,,WHOLE_ROCK [1241] ,216422.405,24932.543999999998,,71978.136,,,,116595,61178.32000000001,25267.376,1239.1328,,7305.32,25594.0665,2094.8208,,,,,,,,,,,,,,,,13000.,,,,,,,,,,,,,,,,,,,,,,,,,,,,42,,241,28,,,37,4,,,,,,,,10,360,40,330,30,,,,,,,,,,,,,175,23,55,,34,9,3,10,1.7,,,,,5,0.75,6,1.9,,,,,,,,,,,3,1.5,,,,,,,,,,,,,,,,,,,,,,,,,15027,
[1241],OCEAN ISLAND,EASTER SEAMOUNT CHAIN - SALAS Y GOMEZ RIDGE / EASTER ISLAND (RAPA NUI) / MAUNGA HIVA HIVA / PACIFIC OCEAN,"WESTERN SHORE, FLOW",-27.17,-27.17,-109.33,-109.33,SUBAQUATIC,,,s F-47-72 [1241],"BASALT, OLIVINE [1241]",,,,,,,,,VOLCANIC ROCK,,,,,WHOLE_ROCK [1241] ,227640.84500000003,19358.681999999997,,76741.395,,,,105712.8,53531.03,23217.04,1316.5786,,8301.5,29674.28,4015.0732000000003,,,,,,,,,,,,,,,,19900.,,,,,,,,,,,,,,,,,,,,,,,,,,,,37,,184,32,,,27,3.5,,,,,,,,9,385,53,400,40,,,,,,,,,,,,,190,36,72,,48,14,4.6,15,2.3,14,,,,6.3,0.95,8.2,2.6,,,,,,,,,,,3.2,1.2,,,,,,,,,,,,,,,,,,,,,,,,,15028,
[1241],OCEAN ISLAND,EASTER SEAMOUNT CHAIN - SALAS Y GOMEZ RIDGE / EASTER ISLAND (RAPA NUI) / MAUNGA O HIO / PACIFIC OCEAN,ANAKENA CAPE,-27.17,-27.17,-109.33,-109.33,SUBAQUATIC,,,s F-96-72 [1241],BASALT [1241],,,,,,,,,VOLCANIC ROCK,,,,,WHOLE_ROCK [1241] ,236054.67500000002,10488.449999999999,,85209.41100000001,,,,102603.59999999999,39951.729999999996,18392.719999999998,1394.0244,,7305.32,29303.3515,3491.3680000000004,,,,,,,,,,,,,,,,24900.000000000004,,,,,,,,,,,,,,,,,,,,,,,,,,,,26,,28,20,,,13,4,,,,,,,,6,390,80,580,52,,,,,,,,,,,,,290,63,128,,84,22,7.3,22,3.5,19,,,,8.4,1.3,14,3.5,,,,,,,,,,,3.6,1.3,,,,,,,,,,,,,,,,,,,,,,,,,15029,
[1241],OCEAN ISLAND,EASTER SEAMOUNT CHAIN - SALAS Y GOMEZ RIDGE / EASTER ISLAND (RAPA NUI) / TEREVAKA / PACIFIC OCEAN,"RANO RORAKU, UPPER EDGE",-27.17,-27.17,-109.33,-109.33,SUBAQUATIC,,,s F-28-72 [1241],BASALT [1241],,,,,,,,,VOLCANIC ROCK,,,,,WHOLE_ROCK [1241] ,232782.63,15043.433999999997,,70390.383,,,,95607.90000000001,35663.53,19538.496,1084.2412000000002,,6641.200000000001,14837.14,3535.0101000000004,,,,,,,,,,,,,,,,90700.,,,,,,,,,,,,,,,,,,,,,,,,,,,,29,,75,25,,,19,3,,,,,,,,12,310,68,455,48,,,,,,,,,,,,,257,45,82,,58,15,4.7,15,2.45,14,,,,7,1.05,8,2.6,,,,,,,,,,,3.2,1.1,,,,,,,,,,,,,,,,,,,,,,,,,15030,
[1241],OCEAN ISLAND,EASTER SEAMOUNT CHAIN - SALAS Y GOMEZ RIDGE / EASTER ISLAND (RAPA NUI) / TE MATAVAI / PACIFIC OCEAN,UPPER HORIZON,-27.17,-27.17,-109.33,-109.33,SUBAQUATIC,,,s F-73-72 [1241],"TRACHYTE, QUARTZ [1241]",,,,,,,,,VOLCANIC ROCK,,,,,WHOLE_ROCK [1241] ,332346.285,1318.548,,71978.136,,,,25184.52,2572.92,723.6479999999999,154.8916,,31960.775,39318.420999999995,305.4947,,,,,,,,,,,,,,,,20400.,,,,,,,,,,,,,,,,,,,,,,,,,,,,9.4,,10,30,,,3,,,,,,,,,83,28,90,1250,155,,,,,,,,,,,,,436,62,125,,66,17,4.1,13,2.3,,,,1.6,11,1.8,28,6.9,,,,,,,,,,,7.9,2.8,,,,,,,,,,,,,,,,,,,,,,,,,15031,
[1241],OCEAN ISLAND,EASTER SEAMOUNT CHAIN - SALAS Y GOMEZ RIDGE / EASTER ISLAND (RAPA NUI) / RANO RARAKU / PACIFIC OCEAN,CRATER,-27.17,-27.17,-109.33,-109.33,SUBAQUATIC,,,s F-82-72 [1241],NOT GIVEN [1241],,,,,,,,,VOLCANIC ROCK,,,,,VOLCANIC GLASS [1241] ,332813.72000000003,1318.548,,71978.136,,,,28449.18,3359.0899999999997,1025.1680000000001,464.6748,,31960.775,37686.3356,,,,,,,,,,,,,,,,,14000.,,,,,,,,,,,,,,,,,,,,,,,,,,,,1.5,,8,17,,,2,,,,,,,,,77,31,130,995,115,,,,,,,,,,,,,424,92,200,,118,25,5.5,18,3,,,,2.3,16,2.4,34,7.6,,,,,,,,,,,9.7,3.2,,,,,,,,,,,,,,,,,,,,,,,,,15032,
[1241],OCEAN ISLAND,EASTER SEAMOUNT CHAIN - SALAS Y GOMEZ RIDGE / EASTER ISLAND (RAPA NUI) / TE MATAVAI / PACIFIC OCEAN,CRATER,-27.17,-27.17,-109.33,-109.33,SUBAQUATIC,,,s F-72-72 [1241],NOT GIVEN [1241],,,,,,,,SPHERULITIC [1241] ,VOLCANIC ROCK,,,,,WHOLE_ROCK [1241] ,333748.59,1917.888,,69331.881,,,,29381.94,4216.73,,387.22900000000004,,31545.699999999997,37092.85,,,,,,,,,,,,,,,,,15100.,,,,,,,,,,,,,,,,,,,,,,,,,,,,0.3,,8,37,,,4,,,,,,,,,85,30,140,985,113,,,,,,,,,,,,,475,74,165,,71,17.7,4.75,12,1.65,,,,1.1,7.8,1.25,32,6.6,,,,,,,,,,,10.2,3.8,,,,,,,,,,,,,,,,,,,,,,,,,15033,
[94],OCEAN ISLAND,EASTER SEAMOUNT CHAIN - SALAS Y GOMEZ RIDGE / EASTER ISLAND (RAPA NUI) / PACIFIC OCEAN,,-27.17,-27.17,-109.33,-109.33,SUBAERIAL,,,s KK72-43-7 [94],BASALT [94],,,,,,,,,VOLCANIC ROCK,,,,,WHOLE_ROCK [94] ,,,,,,,,,,,,,,,,,,,,,,,,,,,,,,,,,,,,,,,,,,,,,,,,,,,,,,,,,,,,,,,,,,,,,,,,,,,,,,,,,,,,,,,,,,,,,,,,,,,,,,,,,,,,,,,,,,,,,,,,0.513012,,,0.70324,,,,,,,,,,,,,,,,,,,,,15865,
[798],OCEAN ISLAND,EASTER SEAMOUNT CHAIN - SALAS Y GOMEZ RIDGE / EASTER ISLAND (RAPA NUI) / TEREVAKA / PACIFIC OCEAN,"SOUTHERN SLOPES, ROADSIDE BETWEEN MAUNGA PUI AND VAI TEA",-27.17,-27.17,-109.33,-109.33,SUBAERIAL,,,s 17610 [798],THOLEIITE [798],,,,,,,,,VOLCANIC ROCK,,,,,WHOLE_ROCK [798] ,200062.18,26430.894,,78911.3241,,38956.58,79750.98,,57676.29,30393.215999999997,2788.0488,,2075.375,20030.139,2269.3892,,27400.000000000004,21300.,,,,400.,100.,,,,,,,,,,,,,,,,,,,,,,,,,,,,,,,,,,,,,,,,,,,23,33,143,,,,,,1,226,57,361,40,,,,,,,,,,,,,164,,,,,,,,,,,,,,,,,,,,,,,,,,,,,,,,,,,,,,,,,,,,,,,,,,,,,18102,
[798],OCEAN ISLAND,EASTER SEAMOUNT CHAIN - SALAS Y GOMEZ RIDGE / EASTER ISLAND (RAPA NUI) / TEREVAKA / PACIFIC OCEAN,"SOUTH SLOPES, VAT TEA, 100 M EAST OF FARM",-27.17,-27.17,-109.33,-109.33,SUBAERIAL,,,s 17543 [798],THOLEIITE [798],,,,,,,,,VOLCANIC ROCK,,,,,WHOLE_ROCK [798] ,202492.842,22235.514,,83939.2086,,31682.820000000003,73921.23,,58676.87,30634.431999999997,2478.2656,,2407.435,18398.0536,1920.2524,,34800.,25800.,,,,400.,100.,,,,,,,,,,,,,,,,,,,,,,,,,,,,,,,,,,,,,,,,,,,37,51,126,,,,,,1,221,52,293,38,,,,,,,,,,,,,143,,,,,,,,,,,,,,,,,,,,,,,,,,,,,,,,,,,,,,,,,,,,,,,,,,,,,18103,
[798],OCEAN ISLAND,EASTER SEAMOUNT CHAIN - SALAS Y GOMEZ RIDGE / EASTER ISLAND (RAPA NUI) / RANO KAU / PACIFIC OCEAN,SEA CLIFFS WEST SIDE,-27.17,-27.17,-109.33,-109.33,SUBAERIAL,,,s 17508 [798],HAWAIITE [798],,,,,,,,,VOLCANIC ROCK,,,,,WHOLE_ROCK [798] ,212916.64250000002,25292.147999999997,,77058.9456,,82529.20000000001,29537.399999999998,,64251.53,28885.615999999998,2245.9282,,3071.555,22775.009899999997,1527.4734999999998,,13300.,7000.,,,,,,,,,,,,,,,,,,,,,,,,,,,,,,,,,,,,,,,,,,,,,,,,26,69,151,,,,,,3,196,49,322,36,,,,,,,,,,,,,186,,,,,,,,,,,,,,,,,,,,,,,,,,,,,,,,,,,,,,,,,,,,,,,,,,,,,18104,
[798],OCEAN ISLAND,EASTER SEAMOUNT CHAIN - SALAS Y GOMEZ RIDGE / EASTER ISLAND (RAPA NUI) / TEREVAKA / PACIFIC OCEAN,BETWEEN RANO RARAKU AND MAUNGA TOA TOA,-27.17,-27.17,-109.33,-109.33,SUBAERIAL,,,s 17580 [798],HAWAIITE [798],,,,,,,,,VOLCANIC ROCK,,,,,WHOLE_ROCK [798] ,222779.521,23913.666,,79228.8747,,27416.48,76797.24,,63393.88999999999,27860.448,2168.4824000000003,,5728.035,25594.0665,2531.2418,,4900.,3100.,,,,,,,,,,,,,,,,,,,,,,,,,,,,,,,,,,,,,,,,,,,,,,,,15,35,130,,,,,,8,254,52,326,40,,,,,,,,,,,,,187,,,,,,,,,,,,,,,,,,,,,,,,,,,,,,,,,,,,,,,,,,,,,,,,,,,,,18105,
[798],OCEAN ISLAND,EASTER SEAMOUNT CHAIN - SALAS Y GOMEZ RIDGE / EASTER ISLAND (RAPA NUI) / POIKE / STRATOVOLCANO / PACIFIC OCEAN,CLIFFS EAST OF HANGA NUI,-27.17,-27.17,-109.33,-109.33,SUBAERIAL,,,s 17560 [798],"HAWAIITE, OLIVINE [798]",,,,,,,,,VOLCANIC ROCK,,,,,WHOLE_ROCK [798] ,225303.67000000004,15043.433999999997,,87061.7895,,35739.340000000004,44539.29,,79903.45999999999,36001.488,1936.145,,2656.48,22255.71,1352.9051,,6300.,2000.,,,,200.,100.,,,,,,,,,,,,,,,,,,,,,,,,,,,,,,,,,,,,,,,,,,,84,63,87,,,,,,4,300,32,195,22,,,,,,,,,,,,,140,,,,,,,,,,,,,,,,,,,,,,,,,,,,,,,,,,,,,,,,,,,,,,,,,,,,,18107,
[798],OCEAN ISLAND,EASTER SEAMOUNT CHAIN - SALAS Y GOMEZ RIDGE / EASTER ISLAND (RAPA NUI) / TEREVAKA / PACIFIC OCEAN,100 M NORTH-EAST OF RANA RARAKU,-27.17,-27.17,-109.33,-109.33,SUBAERIAL,,,s 17739 [798],HAWAIITE [798],,,,,,,,,VOLCANIC ROCK,,,,,WHOLE_ROCK [798] ,227640.84500000003,19718.286,,81822.20460000001,,22240.920000000002,74232.15000000001,,67396.20999999999,28584.096,1858.6992,,5146.93,24407.0953,1789.3261,,7900.,2100.,,,,,,,,,,,,,,,,,,,,,,,,,,,,,,,,,,,,,,,,,,,,,,,,33,57,114,,,,,,9,298,41,252,30,,,,,,,,,,,,,152,,,,,,,,,,,,,,,,,,,,,,,,,,,,,,,,,,,,,,,,,,,,,,,,,,,,,18108,
[798],OCEAN ISLAND,EASTER SEAMOUNT CHAIN - SALAS Y GOMEZ RIDGE / EASTER ISLAND (RAPA NUI) / TEREVAKA / PACIFIC OCEAN,"NORTH COAST, PAPA TEKENA, 150 M EAST OF HANGA OTEO",-27.17,-27.17,-109.33,-109.33,SUBAERIAL,,,s 17754 [798],MUGEARITE [798],,,,,,,,,VOLCANIC ROCK,,,,,WHOLE_ROCK [798] ,231707.52950000003,21576.239999999998,,72877.8627,,44062.2,62184,,56318.36,22191.872,2478.2656,,8799.59,30341.951299999997,2443.9576,,7300.,3800.,,,,600.,1400.0000000000002,,,,,,,,,,,,,,,,,,,,,,,,,,,,,,,,,,,,,,,,,,,9,35,135,,,,,,14,270,54,361,39,,,,,,,,,,,,,201,,,,,,,,,,,,,,,,,,,,,,,,,,,,,,,,,,,,,,,,,,,,,,,,,,,,,18109,
[798],OCEAN ISLAND,EASTER SEAMOUNT CHAIN - SALAS Y GOMEZ RIDGE / EASTER ISLAND (RAPA NUI) / TEREVAKA / PACIFIC OCEAN,"SOUTH COAST, WINDPUMP AT HANGA TETENGA",-27.17,-27.17,-109.33,-109.33,SUBAERIAL,,,s 17583 [798],MUGEARITE [798],,,,,,,,,VOLCANIC ROCK,,,,,WHOLE_ROCK [798] ,248021.01100000003,12646.073999999999,,79123.0245,,38187.24,53555.969999999994,,45097.57,15558.431999999999,2555.7114,,11622.099999999999,34125.422,4626.0626,,6700.,4600.,,,,800.,800.,,,,,,,,,,,,,,,,,,,,,,,,,,,,,,,,,,,,,,,,,,,2,23,147,,,,,,30,288,87,522,55,,,,,,,,,,,,,215,,,,,,,,,,,,,,,,,,,,,,,,,,,,,,,,,,,,,,,,,,,,,,,,,,,,,18110,
[798],OCEAN ISLAND,EASTER SEAMOUNT CHAIN - SALAS Y GOMEZ RIDGE / EASTER ISLAND (RAPA NUI) / TEREVAKA / PACIFIC OCEAN,ANA KAI TANGATA MATAVERI,-27.17,-27.17,-109.33,-109.33,SUBAERIAL,,,s 17704 [798],BENMOREITE [798],,,,,,,,,VOLCANIC ROCK,,,,,WHOLE_ROCK [798] ,274805.03650000005,6353.004,,77588.19660000001,,24688.82,54488.729999999996,,32661.79,6693.744000000001,2865.4946,,15440.79,39763.5352,2094.8208,,6899.999999999999,2600.,,,,600.,1800.,,,,,,,,,,,,,,,,,,,,,,,,,,,,,,,,,,,,,,,,,,,1,14,173,,,,,,33,250,91,704,64,,,,,,,,,,,,,164,,,,,,,,,,,,,,,,,,,,,,,,,,,,,,,,,,,,,,,,,,,,,,,,,,,,,18111,
[798],OCEAN ISLAND,EASTER SEAMOUNT CHAIN - SALAS Y GOMEZ RIDGE / EASTER ISLAND (RAPA NUI) / RANO KAU / PACIFIC OCEAN,WESTERN SUMMIT,-27.17,-27.17,-109.33,-109.33,SUBAERIAL,,,s 17516 [798],BENMOREITE [798],,,,,,,,,VOLCANIC ROCK,,,,,WHOLE_ROCK [798] ,280601.2305,7971.222,,79811.0508,,33151.560000000005,33268.44,,27158.6,9889.855999999998,619.5664,,17765.210000000003,32493.3366,1221.9788,,6300.,8000.,,,,,,,,,,,,,,,,,,,,,,,,,,,,,,,,,,,,,,,,,,,,,,,,6,17,143,,,,,,54,154,84,831,83,,,,,,,,,,,,,286,,,,,,,,,,,,,,,,,,,,,,,,,,,,,,,,,,,,,,,,,,,,,,,,,,,,,18112,
[798],OCEAN ISLAND,EASTER SEAMOUNT CHAIN - SALAS Y GOMEZ RIDGE / EASTER ISLAND (RAPA NUI) / TEREVAKA / PACIFIC OCEAN,20 M WEST OF RANO A ROI,-27.17,-27.17,-109.33,-109.33,SUBAERIAL,,,s 17629 [798],BENMOREITE [798],,,,,,,,,VOLCANIC ROCK,,,,,WHOLE_ROCK [798] ,283218.86650000006,6173.202,,74994.8667,,29864.379999999997,39331.38,,27015.66,5547.968,3717.3984,,17682.195,38205.635500000004,1702.0419000000002,,10800.,7700.,,,,700.0000000000001,,,,,,,,,,,,,,,,,,,,,,,,,,,,,,,,,,,,,,,,,,,,1,19,168,,,,,,43,198,111,792,77,,,,,,,,,,,,,310,,,,,,,,,,,,,,,,,,,,,,,,,,,,,,,,,,,,,,,,,,,,,,,,,,,,,18113,
[798],OCEAN ISLAND,EASTER SEAMOUNT CHAIN - SALAS Y GOMEZ RIDGE / EASTER ISLAND (RAPA NUI) / POIKE / STRATOVOLCANO / PACIFIC OCEAN,MAUNGA PAREHE DOME,-27.17,-27.17,-109.33,-109.33,SUBAERIAL,,,s 17532 [798],TRACHYTE [798],,,,,,,,,VOLCANIC ROCK,,,,,WHOLE_ROCK [798] ,310189.86600000004,2037.756,,77799.897,,25737.920000000002,9405.33,,12507.25,301.52,929.3496,,33621.075,47033.733799999995,87.2842,,8200.,5200.,,,,,,,,,,,,,,,,,,,,,,,,,,,,,,,,,,,,,,,,,,,,,,,,5,1,177,,,,,,107,51,57,1261,150,,,,,,,,,,,,,368,,,,,,,,,,,,,,,,,,,,,,,,,,,,,,,,,,,,,,,,,,,,,,,,,,,,,18114,
[798],OCEAN ISLAND,EASTER SEAMOUNT CHAIN - SALAS Y GOMEZ RIDGE / EASTER ISLAND (RAPA NUI) / RANO KAU / PACIFIC OCEAN,NORTH-EAST SUMMIT MOTU ITI,-27.17,-27.17,-109.33,-109.33,SUBAERIAL,,,s 17725 [798],COMENDITE [798],,,,,,,,,VOLCANIC ROCK,,,,,VOLCANIC GLASS [798] ,337955.505,1258.6139999999998,,69755.2818,,5735.08,17489.25,,6003.48,60.303999999999995,619.5664,,31379.67,43250.2631,43.6421,,2200.,,,,,1800.,2000.,,,,,,,,,,,,,,,,,,,,,,,,,,,,,,,,,,,,,,,,,,,2,1,236,,,,,,76,46,160,861,118,,,,,,,,,,,,,294,,,,,,,,,,,,,,,,,,,,,,,,,,,,,,,,,,,,,,,,,,,,,,,,,,,,,18115,
[806],OCEAN ISLAND,EASTER SEAMOUNT CHAIN - SALAS Y GOMEZ RIDGE / EASTER ISLAND (RAPA NUI) / POIKE / PACIFIC OCEAN,SOUTHEASTERN FOOT OF POIKE,-27.17,-27.17,-109.33,-109.33,SUBAERIAL,,,s EI9201 [806],"BASALT, TRANSITIONAL [806]",,,,,,,,,VOLCANIC ROCK,,,FRESH,,WHOLE_ROCK [806] ,233156.57800000004,17836.358399999997,,76953.0954,,,,93353.73,72113.23,33408.416,1471.4702,,4723.5535,24258.7239,1588.57244,,,,,,,,,,,,,,,,,,,,,,,,,,,,,,,,,,,,,,,,,,,,33.2,,366,22.2,,,38.9,31.3,54.6,134,,,,,,8.31,259,36.1,211,25.7,,,,,,,,,,,,0.1,108,17.7,41.6,5.43,25.4,6.58,2.22,7.28,1.13,6.8,1.29,3.73,0.5,3.21,0.47,5.33,1.73,,,,,,,,,1.08,,1.69,0.47,,,,,,,,,,,,,,,,,,,,,,,,,20480,
[806],OCEAN ISLAND,EASTER SEAMOUNT CHAIN - SALAS Y GOMEZ RIDGE / EASTER ISLAND (RAPA NUI) / POIKE / PACIFIC OCEAN,SOUTHEASTERN FOOT OF POIKE,-27.17,-27.17,-109.33,-109.33,SUBAERIAL,,,s EI9202 [806],"BASALT, TRANSITIONAL [806]",,,,,,,,,VOLCANIC ROCK,,,FRESH,,WHOLE_ROCK [806] ,228482.22800000003,19688.319,,77799.897,,,,101126.73,71541.47,32142.032,1626.3618,,3254.188,24852.2095,1736.95558,,,,,,,,,,,,,,,,,,,,,,,,,,,,,,,,,,,,,,,,,,,,,,,,,,,,,,,,,,,,,,,,,,,,,,,,,,,,,,,,,,,,,,,,,,,,,,,,,,,,,,,,,,,,,,,,,,,,,,,,,,,,,,,,,20481,
[806],OCEAN ISLAND,EASTER SEAMOUNT CHAIN - SALAS Y GOMEZ RIDGE / EASTER ISLAND (RAPA NUI) / TEREVAKA / PACIFIC OCEAN,HOTU ITI,-27.17,-27.17,-109.33,-109.33,SUBAERIAL,,,s EI9203 [806],"BASALT, TRANSITIONAL [806]",,,,,,,,,VOLCANIC ROCK,,,FRESH,,WHOLE_ROCK [806] ,226051.56600000002,20209.744799999997,,82139.7552,,,,100660.34999999999,68539.73,28463.487999999998,1548.9160000000002,,4980.9,24629.6524,1771.8692600000002,,,,,,,,,,,,,,,,,,,,,,,,,,,,,,,,,,,,,,,,,,,,,,,,,,,,,,,,,,,,,,,,,,,,,,,,,,,,,,,,,,,,,,,,,,,,,,,,,,,,,,,,,,,,,,,,,,,,,,,,,,,,,,,,,20482,
[806],OCEAN ISLAND,EASTER SEAMOUNT CHAIN - SALAS Y GOMEZ RIDGE / EASTER ISLAND (RAPA NUI) / TEREVAKA / PACIFIC OCEAN,ANAKENA,-27.17,-27.17,-109.33,-109.33,SUBAERIAL,,,s EI9204 [806],"BASALT, TRANSITIONAL [806]",,,,,,,,,VOLCANIC ROCK,,,FRESH,,WHOLE_ROCK [806] ,234138.19150000004,19676.332199999997,,77641.1217,,,,97473.42,62893.600000000006,25629.199999999997,1626.3618,,7537.762000000001,27745.4518,2217.01868,,,,,,,,,,,,,,,,,,,,,,,,,,,,,,,,,,,,,,,,,,,,29.3,,419,32.7,,,33.5,18.6,37.8,111,,,,,,10.8,266,51.9,374,39.6,,,,,,,,,,,,0.11,151,28.2,73.4,8.85,37.6,9.21,2.85,9.97,1.51,8.82,1.64,4.94,0.65,4.22,0.59,7.05,2.47,,,,,,,,,1.65,,3.16,0.92,,,,,,,,,,,,,,,,,,,,,,,,,20483,
[806],OCEAN ISLAND,EASTER SEAMOUNT CHAIN - SALAS Y GOMEZ RIDGE / EASTER ISLAND (RAPA NUI) / TEREVAKA / PACIFIC OCEAN,ANAKENA,-27.17,-27.17,-109.33,-109.33,SUBAERIAL,,,s EI9205 [806],"BASALT, TRANSITIONAL [806]",,,,,,,,,VOLCANIC ROCK,,,FRESH,,WHOLE_ROCK [806] ,225490.64400000003,16529.797199999997,,96429.5322,,,,79051.41,75686.73,22312.48,1239.1328,,4076.0365,25371.5094,1492.5598200000002,,,,,,,,,,,,,,,,,,,,,,,,,,,,,,,,,,,,,,,,,,,,,,,,,,,,,,,,,,,,,,,,,,,,,,,,,,,,,,,,,,,,,,,,,,,,,,,,,,,,,,,,,,,,,,,,,,,,,,,,,,,,,,,,,20484,
[806],OCEAN ISLAND,EASTER SEAMOUNT CHAIN - SALAS Y GOMEZ RIDGE / EASTER ISLAND (RAPA NUI) / TEREVAKA / PACIFIC OCEAN,"MAUNGA TE PUHA, OVAHE",-27.17,-27.17,-109.33,-109.33,SUBAERIAL,,,s EI9206 [806],HAWAIITE [806],,,,,,,,,VOLCANIC ROCK,,,FRESH,,WHOLE_ROCK [806] ,250077.725,13239.4206,,77058.9456,,,,95141.52,46098.15,16885.12,1858.6992,,10584.412499999999,31677.293899999997,4578.0562899999995,,,,,,,,,,,,,,,,,,,,,,,,,,,,,,,,,,,,,,,,,,,,17.2,,86.2,1,,,16.3,0.69,15.67,121,,,,,,22.9,231,76,555,48.5,,,,,,,,,,,,0.24,198,40.5,113.3,13.3,57.8,14.1,4.14,15,2.25,13,2.38,7.05,0.91,5.9,0.81,9.34,2.92,,,,,,,,,2.15,,3.95,1.27,,,,,,,,,,,,,,,,,,,,,,,,,20485,
[806],OCEAN ISLAND,EASTER SEAMOUNT CHAIN - SALAS Y GOMEZ RIDGE / EASTER ISLAND (RAPA NUI) / POIKE / PACIFIC OCEAN,MAUNGA PAREHE,-27.17,-27.17,-109.33,-109.33,SUBAERIAL,,,s EI9210 [806],TRACHYTE [806],,,,,,,,,VOLCANIC ROCK,,,FRESH,,WHOLE_ROCK [806] ,316406.7515,2049.7428,,86797.16399999999,,,,36688.56,5002.9,482.43199999999996,929.3496,,32898.8445,44585.6057,436.42100000000005,,,,,,,,,,,,,,,,,,,,,,,,,,,,,,,,,,,,,,,,,,,,4,,,,,,5.1,2.8,7.2,196,,,,,,85.4,57,59.4,1355,130,,,,,,,,,,,,0.165,492,71.3,163,21.4,85.5,21.6,5.85,22,3.93,25.5,5.3,16.9,2.8,21.1,3.15,29.3,7.35,,,,,,,,,5.95,,15.4,3.52,,,,,,,,,,,,,,,,,,,,,,,,,20488,
[806],OCEAN ISLAND,EASTER SEAMOUNT CHAIN - SALAS Y GOMEZ RIDGE / EASTER ISLAND (RAPA NUI) / POIKE / PACIFIC OCEAN,"TOP OF CLIFF, NORTHWEST POIKE",-27.17,-27.17,-109.33,-109.33,SUBAERIAL,,,s EI9212 [806],"BASALT, TRANSITIONAL [806]",,,,,,,,,VOLCANIC ROCK,,,FRESH,,WHOLE_ROCK [806] ,229791.046,17734.4706,,88649.54250000001,,,,85114.34999999999,71041.18,25870.415999999997,1626.3618,,6259.331,25964.995,1688.94927,,,,,,,,,,,,,,,,,,,,,,,,,,,,,,,,,,,,,,,,,,,,,,,,,,,,,,,,,,,,,,,,,,,,,,,,,,,,,,,,,,,,,,,,,,,,,,,,,,,,,,,,,,,,,,,,,,,,,,,,,,,,,,,,,20489,
[806],OCEAN ISLAND,EASTER SEAMOUNT CHAIN - SALAS Y GOMEZ RIDGE / EASTER ISLAND (RAPA NUI) / POIKE / PACIFIC OCEAN,"TOP OF CLIFF, NORTHWEST POIKE",-27.17,-27.17,-109.33,-109.33,SUBAERIAL,,,s EI9213 [806],"BASALT, TRANSITIONAL [806]",,,,,,,,,VOLCANIC ROCK,,,FRESH,,WHOLE_ROCK [806] ,226799.46200000003,20731.170599999998,,79228.8747,,,,101748.56999999999,68968.55,28765.007999999994,1626.3618,,5578.608,25594.0665,1872.24609,,,,,,,,,,,,,,,,,,,,,,,,,,,,,,,,,,,,,,,,,,,,,,,,,,,,,,,,,,,,,,,,,,,,,,,,,,,,,,,,,,,,,,,,,,,,,,,,,,,,,,,,,,,,,,,,,,,,,,,,,,,,,,,,,20490,
[806],OCEAN ISLAND,EASTER SEAMOUNT CHAIN - SALAS Y GOMEZ RIDGE / EASTER ISLAND (RAPA NUI) / RANO KAU / PACIFIC OCEAN,SOUTHEAST CLIFF OF RANO KAU,-27.17,-27.17,-109.33,-109.33,SUBAERIAL,,,s EI9215 [806],"BASALT, TRANSITIONAL [806]",,,,,,,,,VOLCANIC ROCK,,,FRESH,,WHOLE_ROCK [806] ,230398.7115,19100.965799999998,,80022.7512,,,,94830.59999999999,72684.99,33649.632,1471.4702,,4532.619000000001,22552.4528,1584.20823,,,,,,,,,,,,,,,,,,,,,,,,,,,,,,,,,,,,,,,,,,,,,,,,,,,,,,,,,,,,,,,,,,,,,,,,,,,,,,,,,,,,,,,,,,,,,,,,,,,,,,,,,,,,,,,,,,,,,,,,,,,,,,,,,20492,
[806],OCEAN ISLAND,EASTER SEAMOUNT CHAIN - SALAS Y GOMEZ RIDGE / EASTER ISLAND (RAPA NUI) / RANO KAU / PACIFIC OCEAN,SOUTHEAST CLIFF OF RANO KAU,-27.17,-27.17,-109.33,-109.33,SUBAERIAL,,,s EI9216 [806],"BASALT, TRANSITIONAL [806]",,,,,,,,,VOLCANIC ROCK,,,FRESH,,WHOLE_ROCK [806] ,222873.008,20533.3884,,79440.5751,,,,101204.45999999999,73471.15999999999,35639.664,1626.3618,,2341.0229999999997,23071.752699999997,1654.03559,,,,,,,,,,,,,,,,,,,,,,,,,,,,,,,,,,,,,,,,,,,,36.3,,396,107,,,46.3,42.8,49.7,113,,,,,,1.91,275,39,219,27.3,,,,,,,,,,,,0.019,106,17.8,42.9,5.77,25.8,6.72,2.28,7.27,1.14,6.71,1.29,3.55,0.49,3.14,0.43,5.19,1.58,,,,,,,,,1.16,,1.46,0.26,,,,,,,,,,,,,,,,,,,,,,,,,20493,
[806],OCEAN ISLAND,EASTER SEAMOUNT CHAIN - SALAS Y GOMEZ RIDGE / EASTER ISLAND (RAPA NUI) / RANO KAU / PACIFIC OCEAN,SOUTHEAST CLIFF OF RANO KAU,-27.17,-27.17,-109.33,-109.33,SUBAERIAL,,,s EI9217 [806],"BASALT, TRANSITIONAL [806]",,,,,,,,,VOLCANIC ROCK,,,FRESH,,WHOLE_ROCK [806] ,224041.59550000002,20215.7382,,78964.2492,,,,100738.08,72827.93,34916.015999999996,1548.9160000000002,,2722.8920000000003,23071.752699999997,1558.02297,,,,,,,,,,,,,,,,,,,,,,,,,,,,,,,,,,,,,,,,,,,,,,,,,,,,,,,,,,,,,,,,,,,,,,,,,,,,,,,,,,,,,,,,,,,,,,,,,,,,,,,,,,,,,,,,,,,,,,,,,,,,,,,,,20494,
[806],OCEAN ISLAND,EASTER SEAMOUNT CHAIN - SALAS Y GOMEZ RIDGE / EASTER ISLAND (RAPA NUI) / RANO KAU / PACIFIC OCEAN,SOUTHEAST CLIFF OF RANO KAU,-27.17,-27.17,-109.33,-109.33,SUBAERIAL,,,s EI9218 [806],"BASALT, TRANSITIONAL [806]",,,,,,,,,VOLCANIC ROCK,,,FRESH,,WHOLE_ROCK [806] ,223153.46900000004,20245.7052,,78329.148,,,,98872.56000000001,73542.62999999999,34916.015999999996,1548.9160000000002,,2465.5454999999997,23220.124099999997,1658.3998000000001,,,,,,,,,,,,,,,,,,,,,,,,,,,,,,,,,,,,,,,,,,,,35,,299,89.3,,,33.2,37.1,36.2,115,,,,,,0.55,264,35.2,191,22.4,,,,,,,,,,,,,90.1,17.6,41.5,5.37,24.6,6.75,2.25,7.14,1.15,7.12,1.35,3.83,0.51,3.13,0.48,5.25,1.57,,,,,,,,,1.09,,1.8,0.24,,,,,,,,,,,,,,,,,,,,,,,,,20495,
[806],OCEAN ISLAND,EASTER SEAMOUNT CHAIN - SALAS Y GOMEZ RIDGE / EASTER ISLAND (RAPA NUI) / RANO KAU / PACIFIC OCEAN,MAUNGA ORITO,-27.17,-27.17,-109.33,-109.33,SUBAERIAL,,,s EI9219 [806],RHYOLITE [806],,,,,,,,,VOLCANIC ROCK,,,FRESH,,WHOLE_ROCK [806] ,332907.207,1168.713,,67214.877,,,,22230.78,4359.67,0.,542.1206000000001,,31454.3835,42389.70898,43.6421,,,,,,,,,,,,,,,,,,,,,,,,,,,,,,,,,,,,,,,,,,,,4.48,,18.7,0,,,0.02,5.88,3.37,169,,,,,,62,22.8,122,638,94.1,,,,,,,,,,,,0.676,378,82.6,181,21.2,84.8,20.9,3.19,21.1,3.66,22.8,4.57,13.5,1.88,12.5,1.74,21.8,6.31,,,,,,,,,6.56,,11.4,3.27,,,,,,,,,,,,,,,,,,,,,,,,,20496,
[806],OCEAN ISLAND,EASTER SEAMOUNT CHAIN - SALAS Y GOMEZ RIDGE / EASTER ISLAND (RAPA NUI) / RANO KAU / RANO KAU RIDGE / PACIFIC OCEAN,,-27.365,-27.37,-109.57,-109.58,SUBAQUATIC,-2053,-2294,s 24DS-1 [806],THOLEIITE [806],,,,,,,,,VOLCANIC ROCK,,,,,WHOLE_ROCK [806] ,229744.30250000002,9985.0044,,99075.78719999999,,,,59929.83,89051.62000000001,36122.096,1006.7954,,2847.4145000000003,20401.067499999997,776.82938,,,,,,,,,,,,,,,,,,,,,,,,,,,,,,,,,,,,,,,,,,,,27,,218,238,,,33.1,77.4,61.2,71.9,,,,,,3.85,254,20.4,94.3,8,,,,,,,,,,,,0.05,32.2,6.18,16.3,2.42,11.5,3.28,1.22,3.58,0.5,3.57,0.72,2,0.28,1.69,0.25,2.23,0.54,,,,,,,,,0.44,,0.42,0.18,,,,,,,,,,,,,,,,,,,,,,,,,20561,
[806],OCEAN ISLAND,EASTER SEAMOUNT CHAIN - SALAS Y GOMEZ RIDGE / EASTER ISLAND (RAPA NUI) / RANO KAU / RANO KAU RIDGE / PACIFIC OCEAN,,-27.38,-27.39,-109.67,-109.68,SUBAQUATIC,-1506,-2144,s 25DS-4 [806],"BASALT, ALKALINE [806]",,,,,,,,,VOLCANIC ROCK,,,,,WHOLE_ROCK [806] ,225069.9525,18100.068,,86479.6134,,,,85269.81000000001,68539.73,37207.568,1316.5786,,8675.0675,25074.7666,1985.7155500000001,,,,,,,,,,,,,,,,,,,,,,,,,,,,,,,,,,,,,,,,,,,,,,,,,,,,,,,,,,,,,,,,,,,,,,,,,,,,,,,,,,,,,,,,,,,,,,,,,,,,,,,,,,,,,,,,,,,,,,,,,,,,,,,,,20566,
[1285],OCEAN ISLAND,EASTER SEAMOUNT CHAIN - SALAS Y GOMEZ RIDGE / EASTER ISLAND (RAPA NUI) / POIKE / PACIFIC OCEAN,,-27.17,-27.17,-109.33,-109.33,SUBAERIAL,,,s EH-39 [1285],BASALT [1285],,,,,,,,,VOLCANIC ROCK,,,FRESH,,WHOLE_ROCK [1285] ,227173.41000000003,,,,,,,,,,,,,,,,,,,,,,,,,,,,,,,,,,,,,,,,,,,,,,,,,,,,,,,,,,,,,,,,,,,,,,,,,,,,,,,,,,,,,,,,,,,,,,29.1,7.4,,,,,,,,,,,,,,,,,,,,,,,,0.513017,,,0.703068,,,,,,,,,,,,,,,,,,,,,20592,
[1285],OCEAN ISLAND,EASTER SEAMOUNT CHAIN - SALAS Y GOMEZ RIDGE / EASTER ISLAND (RAPA NUI) / POIKE / PACIFIC OCEAN,,-27.17,-27.17,-109.33,-109.33,SUBAERIAL,,,s EH-319 [1285],BASALT [1285],,,,,,,,,VOLCANIC ROCK,,,FRESH,,WHOLE_ROCK [1285] ,224836.23500000002,,,,,,,,,,,,,,,,,,,,,,,,,,,,,,,,,,,,,,,,,,,,,,,,,,,,,,,,,,,,,,,,,,,,,,,,,,,,,,,,,,,,,,,,,,,,,,30.7,7.7,,,,,,,,,,,,,,,,,,,,,,,,0.512985,,,0.703071,,,,,,,,,,,,,,,,,,,,,20594,
[1285],OCEAN ISLAND,EASTER SEAMOUNT CHAIN - SALAS Y GOMEZ RIDGE / EASTER ISLAND (RAPA NUI) / POIKE / PACIFIC OCEAN,,-27.17,-27.17,-109.33,-109.33,SUBAERIAL,,,s EH-358 [1285],BASALT [1285],,,,,,,,,VOLCANIC ROCK,,,FRESH,,WHOLE_ROCK [1285] ,315051.19000000006,,,,,,,,,,,,,,,,,,,,,,,,,,,,,,,,,,,,,,,,,,,,,,,,,,,,,,,,,,,,,,,,,,,,,,,,,,,,,,,,,,,,,,,,,,,,,,28,6.9,,,,,,,,,,,,,,,,,,,,,,,,0.512986,,,0.703092,,,,,,,,,,,,,,,,,,,,,20595,
[1285],OCEAN ISLAND,EASTER SEAMOUNT CHAIN - SALAS Y GOMEZ RIDGE / EASTER ISLAND (RAPA NUI) / POIKE / PACIFIC OCEAN,,-27.17,-27.17,-109.33,-109.33,SUBAERIAL,,,s EH-383 [1285],BASALT [1285],,,,,,,,,VOLCANIC ROCK,,,FRESH,,WHOLE_ROCK [1285] ,222499.06000000003,,,,,,,,,,,,,,,,,,,,,,,,,,,,,,,,,,,,,,,,,,,,,,,,,,,,,,,,,,,,,,,,,,,,,,,,,,,,,,,,,,,,,,,,,,,,,,39.6,9.9,,,,,,,,,,,,,,,,,,,,,,,,0.513011,,,0.703114,,,,,,,,,,,,,,,,,,,,,20597,
[1285],OCEAN ISLAND,EASTER SEAMOUNT CHAIN - SALAS Y GOMEZ RIDGE / EASTER ISLAND (RAPA NUI) / RANO KAU / PACIFIC OCEAN,,-27.17,-27.17,-109.33,-109.33,SUBAERIAL,,,s EH-10 [1285],BASALT [1285],,,,,,,,,VOLCANIC ROCK,,,FRESH,,WHOLE_ROCK [1285] ,335618.33,,,,,,,,,,,,,,,,,,,,,,,,,,,,,,,,,,,,,,,,,,,,,,,,,,,,,,,,,,,,,,,,,,,,,,,,,,,,,,,,,,,,,,,,,,,,,,97,22.6,,,,,,,,,,,,,,,,,,,,5.31,,,,0.51302,,,0.703087,,19.25,,15.567,,38.831,,,,,,,,,,,,,,,20598,
[1285],OCEAN ISLAND,EASTER SEAMOUNT CHAIN - SALAS Y GOMEZ RIDGE / EASTER ISLAND (RAPA NUI) / RANO KAU / PACIFIC OCEAN,,-27.17,-27.17,-109.33,-109.33,SUBAERIAL,,,s EIO-1 [1285],BASALT [1285],,,,,,,,,VOLCANIC ROCK,,,FRESH,,WHOLE_ROCK [1285] ,334683.46,,,,,,,,,,,,,,,,,,,,,,,,,,,,,,,,,,,,,,,,,,,,,,,,,,,,,,,,,,,,,,,,,,,,,,,,,,,,,,,,,,,,,,,,,,,,,,98.1,22.8,,,,,,,,,,,,,,,,,,,,,,,,0.512997,,,0.703037,,,,,,,,,,,,,,,,,,,,,20599,
[1285],OCEAN ISLAND,EASTER SEAMOUNT CHAIN - SALAS Y GOMEZ RIDGE / EASTER ISLAND (RAPA NUI) / RANO KAU / PACIFIC OCEAN,,-27.17,-27.17,-109.33,-109.33,SUBAERIAL,,,s EA-2 [1285],BASALT [1285],,,,,,,,,VOLCANIC ROCK,,,FRESH,,WHOLE_ROCK [1285] ,231847.76000000004,,,,,,,,,,,,,,,,,,,,,,,,,,,,,,,,,,,,,,,,,,,,,,,,,,,,,,,,,,,,,,,,,,,,,,,,,,,,,,,,,,,,,,,,,,,,,,31.5,7.7,,,,,,,,,,,,,,,,,,,,,,,,0.512988,,,0.70302,,,,,,,,,,,,,,,,,,,,,20600,
[1285],OCEAN ISLAND,EASTER SEAMOUNT CHAIN - SALAS Y GOMEZ RIDGE / EASTER ISLAND (RAPA NUI) / TEREVAKA / PACIFIC OCEAN,,-27.17,-27.17,-109.33,-109.33,SUBAERIAL,,,s EC-177 [1285],BASALT [1285],,,,,,,,,VOLCANIC ROCK,,,FRESH,,WHOLE_ROCK [1285] ,242598.765,,,,,,,,,,,,,,,,,,,,,,,,,,,,,,,,,,,,,,,,,,,,,,,,,,,,,,,,,,,,,,,,,,,,,,,,,,,,,,,,,,,,,,,,,,,,,,48.8,11.9,,,,,,,,,,,,,,,,,,,,,,,,0.512997,,,0.702935,,,,,,,,,,,,,,,,,,,,,20605,
[1285],OCEAN ISLAND,EASTER SEAMOUNT CHAIN - SALAS Y GOMEZ RIDGE / EASTER ISLAND (RAPA NUI) / TEREVAKA / PACIFIC OCEAN,,-27.17,-27.17,-109.33,-109.33,SUBAERIAL,,,s EC-206 [1285],BASALT [1285],,,,,,,,,VOLCANIC ROCK,,,FRESH,,WHOLE_ROCK [1285] ,223433.93,,,,,,,,,,,,,,,,,,,,,,,,,,,,,,,,,,,,,,,,,,,,,,,,,,,,,,,,,,,,,,,,,,,,,,,,,,,,,,,,,,,,,,,,,,,,,,23.3,5.7,,,,,,,,,,,,,,,,,,,,,,,,0.513014,,,0.703024,,,,,,,,,,,,,,,,,,,,,20606,
[1285],OCEAN ISLAND,EASTER SEAMOUNT CHAIN - SALAS Y GOMEZ RIDGE / EASTER ISLAND (RAPA NUI) / TEREVAKA / PACIFIC OCEAN,,-27.17,-27.17,-109.33,-109.33,SUBAERIAL,,,s EC-370 [1285],BASALT [1285],,,,,,,,,VOLCANIC ROCK,,,FRESH,,WHOLE_ROCK [1285] ,226705.975,,,,,,,,,,,,,,,,,,,,,,,,,,,,,,,,,,,,,,,,,,,,,,,,,,,,,,,,,,,,,,,,,,,,,,,,,,,,,,,,,,,,,,,,,,,,,,25,6.4,,,,,,,,,,,,,,,,,,,,,,,,0.51302,,,0.70293,,,,,,,,,,,,,,,,,,,,,20607,
[1285],OCEAN ISLAND,EASTER SEAMOUNT CHAIN - SALAS Y GOMEZ RIDGE / EASTER ISLAND (RAPA NUI) / TEREVAKA / PACIFIC OCEAN,,-27.17,-27.17,-109.33,-109.33,SUBAERIAL,,,s EC-396 [1285],BASALT [1285],,,,,,,,,VOLCANIC ROCK,,,FRESH,,WHOLE_ROCK [1285] ,228108.28,,,,,,,,,,,,,,,,,,,,,,,,,,,,,,,,,,,,,,,,,,,,,,,,,,,,,,,,,,,,,,,,,,,,,,,,,,,,,,,,,,,,,,,,,,,,,,31.7,7.8,,,,,,,,,,,,,,,,,,,,,,,,0.512984,,,0.703063,,,,,,,,,,,,,,,,,,,,,20608,
[1285],OCEAN ISLAND,EASTER SEAMOUNT CHAIN - SALAS Y GOMEZ RIDGE / EASTER ISLAND (RAPA NUI) / TEREVAKA / PACIFIC OCEAN,,-27.17,-27.17,-109.33,-109.33,SUBAERIAL,,,s PV-303 [1285],BASALT [1285],,,,,,,,,VOLCANIC ROCK,,,FRESH,,WHOLE_ROCK [1285] ,244001.07000000004,,,,,,,,,,,,,,,,,,,,,,,,,,,,,,,,,,,,,,,,,,,,,,,,,,,,,,,,,,,,,,,,,,,,,,,,,,,,,,,,,,,,,,,,,,,,,,62.6,11.1,,,,,,,,,,,,,,,,,,,,,,,,0.512946,,,0.703185,,,,,,,,,,,,,,,,,,,,,20610,
[796],OCEAN ISLAND,EASTER SEAMOUNT CHAIN - SALAS Y GOMEZ RIDGE / EASTER ISLAND (RAPA NUI) / RANO KAU / PACIFIC OCEAN,MAUNGA ORITO,-27.17,-27.17,-109.33,-109.33,SUBAERIAL,,,s EA-O [796],NOT GIVEN [796],,,,,,,,,VOLCANIC ROCK,,,FRESH,,VOLCANIC GLASS [796] ,,,,,,,,,,,,,,,,,1900.,1000.,,,,,,,,,,,,,,,,,,,,,,,,,,,,,,,,,,,,,,,,,,,,,,,,,,,,,,,,,,,,,,,,,,,,,,,,,,,,,,,,,,,,,,,,,,,,,,,,,,,,,,,,,,,,,,,,,,,,,,,,,,,,,,21964,
[796],OCEAN ISLAND,EASTER SEAMOUNT CHAIN - SALAS Y GOMEZ RIDGE / EASTER ISLAND (RAPA NUI) / POIKE / PACIFIC OCEAN,NORTHERN COAST,-27.17,-27.17,-109.33,-109.33,SUBAERIAL,,,s EA-28 [796],"BASALT, OLIVINE [796]",,,,,,,,,VOLCANIC ROCK,,,FRESH,,WHOLE_ROCK [796] ,,,,,,,,,,,,,,,,,1700.0000000000002,1000.,,,,,,,,,,,,,,,,,,,,,,,,,,,,,,,,,,,,,,,,,,,,,,,,,,,,,,,,,,,,,,,,,,,,,,,,,,,,,,,,,,,,,,,,,,,,,,,,,,,,,,,,,,,,,,,,,,,,,,,,,,,,,,21965,
[796],OCEAN ISLAND,EASTER SEAMOUNT CHAIN - SALAS Y GOMEZ RIDGE / EASTER ISLAND (RAPA NUI) / POIKE / PACIFIC OCEAN,NORTHERN COAST,-27.17,-27.17,-109.33,-109.33,SUBAERIAL,,,s EA-29 [796],"BASALT, OLIVINE [796]",,,,,,,,,VOLCANIC ROCK,,,FRESH,,WHOLE_ROCK [796] ,,,,,,,,,,,,,,,,,2000.,5100.,,,,,,,,,,,,,,,,,,,,,,,,,,,,,,,,,,,,,,,,,,,,,,,,,,,,,,,,,,,,,,,,,,,,,,,,,,,,,,,,,,,,,,,,,,,,,,,,,,,,,,,,,,,,,,,,,,,,,,,,,,,,,,21966,
[1427],OCEAN ISLAND,EASTER SEAMOUNT CHAIN - SALAS Y GOMEZ RIDGE / EASTER ISLAND (RAPA NUI) / PACIFIC OCEAN,MOTU ITI,-27.17,-27.17,-109.33,-109.33,SUBAERIAL,,,s 17525 [1427],COMENDITE [1427],,,,,,,,,VOLCANIC ROCK,,,,,VOLCANIC GLASS [1427] ,337955.505,1258.6139999999998,,69755.2818,,5735.08,17489.25,,6003.48,60.303999999999995,619.5664,,31379.67,43250.2631,43.6421,,2200.,,,,,1800.,2000.,,,,,,,,,,,,,,,,,,,,,,,,,,,,,,,,,,,,,,,,,,,,,,,,,,,,,,,,,,,,,,,,,,,,,,,,,,,,,,,,,,,,,,,,,,,,,,,,,,,,,,,,,,,,,,,,,,,,,,,,,25196,
[711],OCEAN ISLAND,EASTER SEAMOUNT CHAIN - SALAS Y GOMEZ RIDGE / EASTER ISLAND (RAPA NUI) / PACIFIC OCEAN,MAUNGA ORITO,-27.17,-27.17,-109.33,-109.33,SUBAERIAL,,,s IP-2 [711],BASALT [711],,,,,,,,,VOLCANIC ROCK,,,,,WHOLE_ROCK [711] ,232595.65600000002,20377.559999999998,,74359.76550000001,,5175.5599999999995,98250.72,,60392.149999999994,26835.28,1936.145,,4192.2575,24778.0238,3539.37431,,12000.,,,,,,,,,,,,,,,,,,,,,,,,,,,,,,13,,,,,,,,,,,,45,,400,45,,,44,30,85,,,,,,,,,75,300,,,,,,,,,,,,,,200,65,70,,46,11.3,3.7,,2.1,,,,,5.3,0.66,,,,,,,,,,,,,,,,,,0.70332,,,,,,,,,,,,,,,,,,,,,25711,
[711],OCEAN ISLAND,EASTER SEAMOUNT CHAIN - SALAS Y GOMEZ RIDGE / EASTER ISLAND (RAPA NUI) / PACIFIC OCEAN,MAUNGA ORITO,-27.17,-27.17,-109.33,-109.33,SUBAERIAL,,,s IP-3 [711],BASALT [711],,,,,,,,,VOLCANIC ROCK,,,,,WHOLE_ROCK [711] ,222499.06000000003,24153.402,,76476.7695,,44272.020000000004,62184,,58248.05,26232.239999999998,1974.8679,,2614.9725,21513.853,3063.67542,,15000.,,,,,,,,,,,,,,,,,,,,,,,,,,,,,,15,,,,,,,,,,,,40,,400,45,,,43,35,85,,,,,,,,,55,300,,,,,,,,,,,,,,195,50,70,,41,10.8,3.4,,1.9,,,,,5.1,0.61,,,,,,,,,,,,,,,,,,0.70299,,,,,,,,,,,,,,,,,,,,,25712,
[711],OCEAN ISLAND,EASTER SEAMOUNT CHAIN - SALAS Y GOMEZ RIDGE / EASTER ISLAND (RAPA NUI) / PACIFIC OCEAN,RANO RARAKU,-27.17,-27.17,-109.33,-109.33,SUBAERIAL,,,s IP-7 [711],BASALT [711],,,,,,,,,VOLCANIC ROCK,,,,,WHOLE_ROCK [711] ,233717.50000000003,18879.21,,70019.9073,,18604.04,68402.40000000001,,62178.899999999994,28945.92,1649.59554,,6973.259999999999,26410.1092,1667.12822,,25000.,,,,,,,,,,,,,,,,,,,,,,,,,,,,,,25,,,,,,,,,,,,40,,350,21,,,41,40,100,,,,,,,,,42,250,,,,,,,,,,,,,,162,45,46,,26,8,2.4,,1.3,,,,,3.9,0.41,,,,,,,,,,,,,,,,,,0.70299,,,,,,,,,,,,,,,,,,,,,25713,
[711],OCEAN ISLAND,EASTER SEAMOUNT CHAIN - SALAS Y GOMEZ RIDGE / EASTER ISLAND (RAPA NUI) / PACIFIC OCEAN,RUNA AVAE,-27.17,-27.17,-109.33,-109.33,SUBAERIAL,,,s IP-19 [711],BASALT [711],,,,,,,,,VOLCANIC ROCK,,,,,WHOLE_ROCK [711] ,206606.27000000002,16781.519999999997,,101616.192,,43782.439999999995,46016.159999999996,,69969.12999999999,27317.712,1626.3618,,3403.615,27819.637499999997,1392.18299,,28600.,,,,,,,,,,,,,,,,,,,,,,,,,,,,,,25,,,,,,,,,,,,30,,300,130,,,30,40,95,,,,,,,,,35,200,,,,,,,,,,,,,,155,25,47,,25,7.1,2.2,,1.2,,,,,3,0.47,,,,,,,,,,,,,,,,,,,,,,,,,,,,,,,,,,,,,,,25714,
[711],OCEAN ISLAND,EASTER SEAMOUNT CHAIN - SALAS Y GOMEZ RIDGE / EASTER ISLAND (RAPA NUI) / PACIFIC OCEAN,RUNA AVAE,-27.17,-27.17,-109.33,-109.33,SUBAERIAL,,,s IP-20 [711],BASALT [711],,,,,,,,,VOLCANIC ROCK,,,,,WHOLE_ROCK [711] ,221564.19,26970.3,,76476.7695,,6994,89544.95999999999,,58462.46,28523.792,1843.21004,,7388.335,26187.552099999997,2024.9934400000002,,20000,,,,,,,,,,,,,,,,,,,,,,,,,,,,,,17,,,,,,,,,,,,40,,400,85,,,35,35,30,,,,,,,,,55,250,,,,,,,,,,,,,,195,35,62,,40,11.7,3.2,,2,,,,,5,0.67,,,,,,,,,,,,,,,,,,,,,,,,,,,,,,,,,,,,,,,25715,
[711],OCEAN ISLAND,EASTER SEAMOUNT CHAIN - SALAS Y GOMEZ RIDGE / EASTER ISLAND (RAPA NUI) / PACIFIC OCEAN,RUNA AVAE,-27.17,-27.17,-109.33,-109.33,SUBAERIAL,,,s IP-21 [711],"BASALT, ANDESITIC [711]",,,,,,,,,VOLCANIC ROCK,,,,,WHOLE_ROCK [711] ,245870.81000000003,11986.8,,84944.78550000001,,24618.88,52234.56,,46955.79,17789.68,1819.9762999999998,,14610.64,33383.565,4975.1993999999995,,20400.,,,,,,,,,,,,,,,,,,,,,,,,,,,,,,20,,,,,,,,,,,,25,,140,,,,20,30,60,,,,,,,,,90,425,,,,,,,,,,,,,,325,67,,,,,,,,,,,,,,,,,,,,,,,,,,,,,,,,,,,,,,,,,,,,,,,,,,,,25716,
[711],OCEAN ISLAND,EASTER SEAMOUNT CHAIN - SALAS Y GOMEZ RIDGE / EASTER ISLAND (RAPA NUI) / PACIFIC OCEAN,RANO KAU,-27.17,-27.17,-109.33,-109.33,SUBAERIAL,,,s IP-11 [711],"BASALT, ANDESITIC [711]",,,,,,,,,VOLCANIC ROCK,,,,,WHOLE_ROCK [711] ,274851.78,8210.958,,78752.5488,,36089.04,27360.96,,24514.210000000003,4160.976,720.24594,,20421.69,40727.9493,1562.38718,,38400.,,,,,,,,,,,,,,,,,,,,,,,,,,,,,,45,,,,,,,,,,,,15,,95,,,,,50,72,,,,,,,,,110,675,,,,,,,,,,,,,,450,82,,,,,,,,,,,,,,,,,,,,,,,,,,,,,,,,,,,,,,,,,,,,,,,,,,,,25717,
[711],OCEAN ISLAND,EASTER SEAMOUNT CHAIN - SALAS Y GOMEZ RIDGE / EASTER ISLAND (RAPA NUI) / PACIFIC OCEAN,MAUNGA OTU,-27.17,-27.17,-109.33,-109.33,SUBAERIAL,,,s IP-18 [711],"BASALT, ANDESITIC [711]",,,,,,,,,VOLCANIC ROCK,,,,,WHOLE_ROCK [711] ,251480.03,8750.364,,82563.156,,52524.939999999995,36066.719999999994,,34877.36,7718.911999999999,2516.9885,,13780.49,39837.7209,2836.7365,,36400.,,,,,,,,,,,,,,,,,,,,,,,,,,,,,,20,,,,,,,,,,,,25,,6,,,,8,40,35,,,,,,,,,90,550,,,,,,,,,,,,,,400,75,129,,90,25,7,,4,,,,,8.8,1.2,,,,,,,,,,,,,,,,,,0.70257,,,,,,,,,,,,,,,,,,,,,25718,
[711],OCEAN ISLAND,EASTER SEAMOUNT CHAIN - SALAS Y GOMEZ RIDGE / EASTER ISLAND (RAPA NUI) / PACIFIC OCEAN,MAUNGA POREHE,-27.17,-27.17,-109.33,-109.33,SUBAERIAL,,,s IP-8 [711],TRACHYTE [711],,,,,,,,,VOLCANIC ROCK,,,,,WHOLE_ROCK [711] ,311311.71,1917.888,,81504.65400000001,,26227.5,5596.5599999999995,,5145.84,301.52,851.9038,,33206.,43769.563,113.46946,,26000.,,,,,,,,,,,,,,,,,,,,,,,,,,,,,,25,,,,,,,,,,,,,,,,,,,100,10,,,,,,,,,55,1025,,,,,,,,,,,,,,600,35,,,,,,,,,,,,,,,,,,,,,,,,,,,,,,,,,,,,,,,,,,,,,,,,,,,,25719,
[711],OCEAN ISLAND,EASTER SEAMOUNT CHAIN - SALAS Y GOMEZ RIDGE / EASTER ISLAND (RAPA NUI) / PACIFIC OCEAN,MAUNGA TEA TEA,-27.17,-27.17,-109.33,-109.33,SUBAERIAL,,,s IP-9 [711],TRACHYTE [711],,,,,,,,,VOLCANIC ROCK,,,,,WHOLE_ROCK [711] ,283359.097,1798.0199999999998,,94206.67800000001,,29514.679999999997,4974.72,,5217.3099999999995,259.30719999999997,875.1375400000001,,29470.324999999997,42953.5203,130.9263,,62600.,,,,,,,,,,,,,,,,,,,,,,,,,,,,,,19,,,,,,,,,,,,,,,,,,,110,11,,,,,,,,,50,975,,,,,,,,,,,,,,550,32,,,,,,,,,,,,,,,,,,,,,,,,,,,,,,,,,,,,,,,,,,,,,,,,,,,,25720,
[711],OCEAN ISLAND,EASTER SEAMOUNT CHAIN - SALAS Y GOMEZ RIDGE / EASTER ISLAND (RAPA NUI) / PACIFIC OCEAN,MAUNGA VEA HEVA,-27.17,-27.17,-109.33,-109.33,SUBAERIAL,,,s IP-10 [711],TRACHYTE [711],,,,,,,,,VOLCANIC ROCK,,,,,WHOLE_ROCK [711] ,303365.31500000006,1857.954,,80975.403,,29794.44,3731.04,,3930.8500000000004,229.15519999999998,875.1375400000001,,33621.075,46217.691100000004,205.11787,,27000.,,,,,,,,,,,,,,,,,,,,,,,,,,,,,,15,,,,,,,,,,,,,,,,,,6,100,17,,,,,,,,,95,900,,,,,,,,,,,,,,525,132,,,,,,,,,,,,,,,,,,,,,,,,,,,,,,,,,,,,,,,,,,,,,,,,,,,,25721,
[711],OCEAN ISLAND,EASTER SEAMOUNT CHAIN - SALAS Y GOMEZ RIDGE / EASTER ISLAND (RAPA NUI) / PACIFIC OCEAN,MAUNGA ORITO,-27.17,-27.17,-109.33,-109.33,SUBAERIAL,,,s IP-1 [711],TRACHYTE [711],,,,,,,,,VOLCANIC ROCK,,,,,WHOLE_ROCK [711] ,315799.086,1138.7459999999999,,77799.897,,20422.48,1088.22,,714.7,1688.5120000000002,193.61450000000002,,19923.6,27968.0089,135.29051,,64800.00000000001,,,,,,,,,,,,,,,,,,,,,,,,,,,,,,20,,,,,,,,,,,,,,,11,,,,85,15,,,,,,,,,50,875,,,,,,,,,,,,,,425,30,,,,,,,,,,,,,,,,,,,,,,,,,,,,,,,,,,,,,,,,,,,,,,,,,,,,25722,
[711],OCEAN ISLAND,EASTER SEAMOUNT CHAIN - SALAS Y GOMEZ RIDGE / EASTER ISLAND (RAPA NUI) / PACIFIC OCEAN,RANO RARAKU,-27.17,-27.17,-109.33,-109.33,SUBAERIAL,,,s IP-5 [711],BASALT [711],,,,,,,,,VOLCANIC ROCK,,,,,WHOLE_ROCK [711] ,319071.13100000005,1258.6139999999998,,79546.4253,,21121.88,3420.12,,2287.04,301.52,379.48442,,28225.1,36573.55009999999,152.74735,,46000.,,,,,,,,,,,,,,,,,,,,,,,,,,,,,,37,,,,,,,,,,,,,,,11,,,,90,12,,,,,,,,,40,925,,,,,,,,,,,,,,525,65,,,,,,,,,,,,,,,,,,,,,,,,,,,,,,,,,,,,,,,,,,,,,,,,,,,,25723,
[711],OCEAN ISLAND,EASTER SEAMOUNT CHAIN - SALAS Y GOMEZ RIDGE / EASTER ISLAND (RAPA NUI) / PACIFIC OCEAN,MAUNGA ORITO,-27.17,-27.17,-109.33,-109.33,SUBAERIAL,,,s IP-4 [711],RHYOLITE [711],,,,,,,,,VOLCANIC ROCK,,,,,WHOLE_ROCK [711] ,337020.635,958.944,,59805.363000000005,,1678.56,16789.68,,4359.67,120.60799999999999,449.18564000000003,,32375.85,42508.4061,807.3788499999999,,31400.,,,,,,,,,,,,,,,,,,,,,,,,,,,,,,27,,,,,,,,,,,,,,,,,,,75,27,,,,,,,,,127,750,,,,,,,,,,,,,,500,90,,,,,,,,,,,,,,,,,,,,,,,,,,,,,,,0.70352,,,,,,,,,,,,,,,,,,,,,25724,
[711],OCEAN ISLAND,EASTER SEAMOUNT CHAIN - SALAS Y GOMEZ RIDGE / EASTER ISLAND (RAPA NUI) / PACIFIC OCEAN,RANO KAU,-27.17,-27.17,-109.33,-109.33,SUBAERIAL,,,s IP-13 [711],RHYOLITE [711],,,,,,,,,VOLCANIC ROCK,,,,,WHOLE_ROCK [711] ,340760.11500000005,958.944,,67744.12800000001,,4336.28,16167.84,,3716.44,180.91199999999998,580.8435,,33206.,42508.4061,69.82736,,19400.,,,,,,,,,,,,,,,,,,,,,,,,,,,,,,20,,,,,,,,,,,,,,,,,,,50,12,,,,,,,,,135,800,,,,,,,,,,,,,,550,80,,,,,,,,,,,,,,,,,,,,,,,,,,,,,,,0.70486,,,,,,,,,,,,,,,,,,,,,25725,
[802][94],OCEAN ISLAND,EASTER SEAMOUNT CHAIN - SALAS Y GOMEZ RIDGE / EASTER ISLAND (RAPA NUI) / TEREVAKA / PACIFIC OCEAN,,-27.17,-27.17,-109.33,-109.33,SUBAERIAL,,,s EC-385 [802],BASALT [802],,,,,,,,,VOLCANIC ROCK,,,,,WHOLE_ROCK [802] ,229837.7895,19298.748,,81928.05480000001,,,,101670.84,73614.1,27860.448,1471.4702,,5229.945,24852.2095,,,,,,,,,,,,,,,,,,,,,,,,,,,,,,,,,,,,,,,,,,,,,,,,,,,,,,,,,,,,,,,,,,,,,,,,,,,,,,,,,,,,,,,,,,,,,,,,,,,,,,,,,,0.513008,,,0.70301,,,,,,,,,,,,,,,,,,,,,2722-EC-385,
[1285][802],OCEAN ISLAND,EASTER SEAMOUNT CHAIN - SALAS Y GOMEZ RIDGE / EASTER ISLAND (RAPA NUI) / TEREVAKA / PACIFIC OCEAN,,-27.17,-27.17,-109.33,-109.33,SUBAERIAL,,,s EH-122 [1285],BASALT [1285],,,,,,,,,VOLCANIC ROCK,,,,,WHOLE_ROCK [1285] ,236522.11000000002,17440.793999999998,,92777.70030000001,,,,80061.90000000001,73328.22,20262.143999999997,1394.0244,,4980.9,25297.3237,,,,,,,,,,,,,,,,,,,,,,,,,,,,,,,,,,,,,,,,,,,,,,,,,,,,,,,,,,,,,,,,,,,,,,,,,,,,,,,,,29,7.3,,,,,,,,,,,,,,,,,,,,1.47,,,,0.512984,,,0.70305,,19.308,,15.571,,38.886,,,,,,,,,,,,,,,2722-EH-122,
[1285][802],OCEAN ISLAND,EASTER SEAMOUNT CHAIN - SALAS Y GOMEZ RIDGE / EASTER ISLAND (RAPA NUI) / TEREVAKA / PACIFIC OCEAN,,-27.17,-27.17,-109.33,-109.33,SUBAERIAL,,,s EH-88 [1285],BASALT [1285],,,,,,,,,VOLCANIC ROCK,,,,,WHOLE_ROCK [1285] ,228575.71500000003,18759.341999999997,,83674.5831,,,,84725.7,62464.78,40705.2,1548.9160000000002,,6807.23,22923.381299999997,,,,,,,,,,,,,,,,,,,,,,,,,,,,,,,,,,,,,,,,,,,,,,,,,,,,,,,,,,,,,,,,,,,,,,,,,,,,,,,,,34.4,8,,,,,,,,,,,,,,,,,,,,,,,,0.512973,,,0.703071,,,,,,,,,,,,,,,,,,,,,2722-EH-88,
[1285][802],OCEAN ISLAND,EASTER SEAMOUNT CHAIN - SALAS Y GOMEZ RIDGE / EASTER ISLAND (RAPA NUI) / TEREVAKA / PACIFIC OCEAN,,-27.17,-27.17,-109.33,-109.33,SUBAERIAL,,,s PV-301 [1285],BASALT [1285] / MUGEARITE [802],,,,,,,,,VOLCANIC ROCK,,,,,WHOLE_ROCK [1285] ,248207.98500000002,10608.318,,89231.71860000001,,,,63272.22,39094.09,24724.639999999996,1239.1328,,23410.23,40282.8351,,,,,,,,,,,,,,,,,,,,,,,,,,,,,,,,,,,,,,,,,,,,,,,,,,,,,,,,,,,,,,,,,,,,,,,,,,,,,,,,,46.2,8.1,,,,,,,,,,,,,,,,,,,,2.67,,,,0.512946,,,0.703138,,19.6,,15.638,,39.347,,,,,,,,,,,,,,,2722-PV-301,
[802][94],OCEAN ISLAND,EASTER SEAMOUNT CHAIN - SALAS Y GOMEZ RIDGE / EASTER ISLAND (RAPA NUI) / POIKE / PACIFIC OCEAN,,-27.17,-27.17,-109.33,-109.33,SUBAERIAL,,,s 17732 [802],BASALT [802],,,,,,,,,VOLCANIC ROCK,,,,,WHOLE_ROCK [802] ,233156.57800000004,11806.998,,103415.6454,,,,67936.02,81404.33,24181.904,1161.687,,2905.5249999999996,21142.9245,,,,,,,,,,,,,,,,,,,,,,,,,,,,,,,,,,,,,,,,,,,,,,,,,,,,,,,,,,,,,,,,,,,,,,,,,,,,,,,,,,,,,,,,,,,,,,,,,,,,,,,,,,0.512992,,,0.70326,,,,,,,,,,,,,,,,,,,,,2723-17732,
[802][94],OCEAN ISLAND,EASTER SEAMOUNT CHAIN - SALAS Y GOMEZ RIDGE / EASTER ISLAND (RAPA NUI) / POIKE / PACIFIC OCEAN,,-27.17,-27.17,-109.33,-109.33,SUBAERIAL,,,s EC-307 [802],BASALT [802],,,,,,,,,VOLCANIC ROCK,,,,,WHOLE_ROCK [802] ,232315.19500000004,16781.519999999997,,87114.7146,,,,80217.36,72327.64,29006.223999999995,1471.4702,,5728.035,23145.9384,,,,,,,,,,,,,,,,,,,,,,,,,,,,,,,,,,,,,,,,,,,,,,,,,,,,,,,,,,,,,,,,,,,,,,,,,,,,,,,,,,,,,,,,,,,,,,,,,,,,,,,,,,0.513062,,,0.70319,,,,,,,,,,,,,,,,,,,,,2723-EC-307,
[1285][802],OCEAN ISLAND,EASTER SEAMOUNT CHAIN - SALAS Y GOMEZ RIDGE / EASTER ISLAND (RAPA NUI) / POIKE / PACIFIC OCEAN,,-27.17,-27.17,-109.33,-109.33,SUBAERIAL,,,s EH-361 [1285],BASALT [1285],,,,,,,,,VOLCANIC ROCK,,,,,WHOLE_ROCK [1285] ,235119.805,17620.595999999998,,94577.15370000001,,,,82549.26,61750.08,19779.711999999996,1394.0244,,5728.035,25371.5094,,,,,,,,,,,,,,,,,,,,,,,,,,,,,,,,,,,,,,,,,,,,,,,,,,,,,,,,,,,,,,,,,,,,,,,,,,,,,,,,,29.7,7.1,,,,,,,,,,,,,,,,,,,,1.03,,,,0.512948,,,0.70308,,19.541,,15.626,,39.259,,,,,,,,,,,,,,,2723-EH-361,
[802][94],OCEAN ISLAND,EASTER SEAMOUNT CHAIN - SALAS Y GOMEZ RIDGE / EASTER ISLAND (RAPA NUI) / POIKE / PACIFIC OCEAN,,-27.17,-27.17,-109.33,-109.33,SUBAERIAL,,,s EH-39 [802],BASALT [802],,,,,,,,,VOLCANIC ROCK,,,,,WHOLE_ROCK [802] ,227360.38400000002,17500.728,,80710.7775,,,,96462.93000000001,69040.02,31297.776,1394.0244,,1577.285,22552.4528,,,,,,,,,,,,,,,,,,,,,,,,,,,,,,,,,,,,,,,,,,,,,,,,,,,,,,,,,,,,,,,,,,,,,,,,,,,,,,,,,,,,,,,,,,,,,,,,,,,,,,,,,,0.513056,,,0.70328,,,,,,,,,,,,,,,,,,,,,2723-EH-39,
[1285][802],OCEAN ISLAND,EASTER SEAMOUNT CHAIN - SALAS Y GOMEZ RIDGE / EASTER ISLAND (RAPA NUI) / POIKE / PACIFIC OCEAN,,-27.17,-27.17,-109.33,-109.33,SUBAERIAL,,,s EH-42 [1285],BASALT [1285],,,,,,,,,VOLCANIC ROCK,,,,,WHOLE_ROCK [1285] ,231847.76000000004,18339.804,,76847.2452,,,,89855.88,68968.55,31659.6,1626.3618,,4565.825000000001,23739.424,,,,,,,,,,,,,,,,,,,,,,,,,,,,,,,,,,,,,,,,,,,,,,,,,,,,,,,,,,,,,,,,,,,,,,,,,,,,,,,,,26.7,6.8,,,,,,,,,,,,,,,,,,,,,,,,0.513,,,0.70307,,,,,,,,,,,,,,,,,,,,,2723-EH-42,
[802][94],OCEAN ISLAND,EASTER SEAMOUNT CHAIN - SALAS Y GOMEZ RIDGE / EASTER ISLAND (RAPA NUI) / RANO KAU / PACIFIC OCEAN,,-27.17,-27.17,-109.33,-109.33,SUBAERIAL,,,s EH-20 [802],BASALT [802],,,,,,,,,VOLCANIC ROCK,,,,,WHOLE_ROCK [802] ,223013.23850000004,19418.616,,77958.6723,,,,95607.90000000001,70612.36,31780.207999999995,1548.9160000000002,,2822.51,24332.9096,,,,,,,,,,,,,,,,,,,,,,,,,,,,,,,,,,,,,,,,,,,,,,,,,,,,,,,,,,,,,,,,,,,,,,,,,,,,,,,,,,,,,,,,,,,,,,,,,,,,,,,,,,0.513004,,,0.70321,,,,,,,,,,,,,,,,,,,,,2724-EH-20,
[1285][802],OCEAN ISLAND,EASTER SEAMOUNT CHAIN - SALAS Y GOMEZ RIDGE / EASTER ISLAND (RAPA NUI) / RANO KAU / PACIFIC OCEAN,,-27.17,-27.17,-109.33,-109.33,SUBAERIAL,,,s EH-29 [1285],BASALT [1285],,,,,,,,,VOLCANIC ROCK,,,,,WHOLE_ROCK [1285] ,232782.63,12765.942,,102515.91870000001,,,,64049.520000000004,78545.53,27920.751999999997,1084.2412000000002,,3735.675,22107.3386,,,,,,,,,,,,,,,,,,,,,,,,,,,,,,,,,,,,,,,,,,,,,,,,,,,,,,,,,,,,,,,,,,,,,,,,,,,,,,,,,17.5,4.5,,,,,,,,,,,,,,,,,,,,0.91,,,,0.513005,,,0.703056,,19.296,,15.581,,38.901,,,,,,,,,,,,,,,2724-EH-29,
[1285][802],OCEAN ISLAND,EASTER SEAMOUNT CHAIN - SALAS Y GOMEZ RIDGE / EASTER ISLAND (RAPA NUI) / RANO KAU / PACIFIC OCEAN,,-27.17,-27.17,-109.33,-109.33,SUBAERIAL,,,s EH-57 [1285],BASALT [1285],,,,,,,,,VOLCANIC ROCK,,,,,WHOLE_ROCK [1285] ,226238.54,20737.163999999997,,78646.6986,,,,96773.84999999999,63393.88999999999,31659.6,1703.8076,,4150.75,23516.866899999997,,,,,,,,,,,,,,,,,,,,,,,,,,,,,,,,,,,,,,,,,,,,,,,,,,,,,,,,,,,,,,,,,,,,,,,,,,,,,,,,,30.1,7.7,,,,,,,,,,,,,,,,,,,,,,,,0.51301,,,0.703039,,,,,,,,,,,,,,,,,,,,,2724-EH-57,
[802],OCEAN ISLAND,EASTER SEAMOUNT CHAIN - SALAS Y GOMEZ RIDGE / EASTER ISLAND (RAPA NUI) / POIKE / PACIFIC OCEAN,,-27.17,-27.17,-109.33,-109.33,SUBAERIAL,,,s EH-296 [802],BASALT [802],,,,,,,,,VOLCANIC ROCK,,,,,WHOLE_ROCK [802] ,214272.20400000003,23374.26,,83251.1823,,,,110765.25,60320.67999999999,27800.144,1781.2534,,3071.555,23368.495499999997,,,,,,,,,,,,,,,,,,,,,,,,,,,,,,,,,,,,,,,,,,,,,,,,,,,,,,,,,,,,,,,,,,,,,,,,,,,,,,,,,,,,,,,,,,,,,,,,,,,,,,,,,,,,,,,,,,,,,,,,,,,,,,,,,,32416,
[802],OCEAN ISLAND,EASTER SEAMOUNT CHAIN - SALAS Y GOMEZ RIDGE / EASTER ISLAND (RAPA NUI) / POIKE / PACIFIC OCEAN,,-27.17,-27.17,-109.33,-109.33,SUBAERIAL,,,s EC-383 [802],BASALT [802],,,,,,,,,VOLCANIC ROCK,,,,,WHOLE_ROCK [802] ,222779.521,22714.985999999997,,75682.89300000001,,,,104780.04000000001,59820.38999999999,25267.376,1626.3618,,7554.365000000001,28264.7517,,,,,,,,,,,,,,,,,,,,,,,,,,,,,,,,,,,,,,,,,,,,,,,,,,,,,,,,,,,,,,,,,,,,,,,,,,,,,,,,,,,,,,,,,,,,,,,,,,,,,,,,,,,,,,,,,,,,,,,,,,,,,,,,,,32417,
[802],OCEAN ISLAND,EASTER SEAMOUNT CHAIN - SALAS Y GOMEZ RIDGE / EASTER ISLAND (RAPA NUI) / POIKE / PACIFIC OCEAN,,-27.17,-27.17,-109.33,-109.33,SUBAERIAL,,,s EH-350 [802],BASALT [802],,,,,,,,,VOLCANIC ROCK,,,,,WHOLE_ROCK [802] ,225397.157,19718.286,,92248.44930000001,,,,84492.51,64323,23458.255999999998,2245.9282,,6807.23,25371.5094,,,,,,,,,,,,,,,,,,,,,,,,,,,,,,,,,,,,,,,,,,,,,,,,,,,,,,,,,,,,,,,,,,,,,,,,,,,,,,,,,,,,,,,,,,,,,,,,,,,,,,,,,,,,,,,,,,,,,,,,,,,,,,,,,,32419,
[802],OCEAN ISLAND,EASTER SEAMOUNT CHAIN - SALAS Y GOMEZ RIDGE / EASTER ISLAND (RAPA NUI) / POIKE / PACIFIC OCEAN,,-27.17,-27.17,-109.33,-109.33,SUBAERIAL,,,s EH-352 [802],BASALT [802],,,,,,,,,VOLCANIC ROCK,,,,,WHOLE_ROCK [802] ,227547.358,17021.255999999998,,92830.6254,,,,78973.68000000001,70469.42,28282.576,2091.0366,,5977.08,25223.138,,,,,,,,,,,,,,,,,,,,,,,,,,,,,,,,,,,,,,,,,,,,,,,,,,,,,,,,,,,,,,,,,,,,,,,,,,,,,,,,,,,,,,,,,,,,,,,,,,,,,,,,,,,,,,,,,,,,,,,,,,,,,,,,,,32421,
[802],OCEAN ISLAND,EASTER SEAMOUNT CHAIN - SALAS Y GOMEZ RIDGE / EASTER ISLAND (RAPA NUI) / POIKE / PACIFIC OCEAN,,-27.17,-27.17,-109.33,-109.33,SUBAERIAL,,,s EH-351 [802],BASALT [802],,,,,,,,,VOLCANIC ROCK,,,,,WHOLE_ROCK [802] ,232829.37350000002,19478.55,,80710.7775,,,,88923.12,66610.04000000001,26895.584,2400.8197999999998,,7056.275,25964.995,,,,,,,,,,,,,,,,,,,,,,,,,,,,,,,,,,,,,,,,,,,,,,,,,,,,,,,,,,,,,,,,,,,,,,,,,,,,,,,,,,,,,,,,,,,,,,,,,,,,,,,,,,,,,,,,,,,,,,,,,,,,,,,,,,32423,
[802],OCEAN ISLAND,EASTER SEAMOUNT CHAIN - SALAS Y GOMEZ RIDGE / EASTER ISLAND (RAPA NUI) / RANO KAU / PACIFIC OCEAN,,-27.17,-27.17,-109.33,-109.33,SUBAERIAL,,,s EH-27 [802],BASALT [802],,,,,,,,,VOLCANIC ROCK,,,,,WHOLE_ROCK [802] ,233109.8345,18639.474,,74624.391,,,,90944.09999999999,66824.45,31297.776,1471.4702,,5229.945,27819.637499999997,,,,,,,,,,,,,,,,,,,,,,,,,,,,,,,,,,,,,,,,,,,,,,,,,,,,,,,,,,,,,,,,,,,,,,,,,,,,,,,,,,,,,,,,,,,,,,,,,,,,,,,,,,,,,,,,,,,,,,,,,,,,,,,,,,32429,
[802],OCEAN ISLAND,EASTER SEAMOUNT CHAIN - SALAS Y GOMEZ RIDGE / EASTER ISLAND (RAPA NUI) / RANO KAU / PACIFIC OCEAN,,-27.17,-27.17,-109.33,-109.33,SUBAERIAL,,,s EH-61 [802],BASALT [802],,,,,,,,,VOLCANIC ROCK,,,,,WHOLE_ROCK [802] ,233717.50000000003,21696.108,,80710.7775,,,,96696.12,62107.42999999999,27257.407999999996,2013.5908,,6143.11,25223.138,,,,,,,,,,,,,,,,,,,,,,,,,,,,,,,,,,,,,,,,,,,,,,,,,,,,,,,,,,,,,,,,,,,,,,,,,,,,,,,,,,,,,,,,,,,,,,,,,,,,,,,,,,,,,,,,,,,,,,,,,,,,,,,,,,32430,
[802],OCEAN ISLAND,EASTER SEAMOUNT CHAIN - SALAS Y GOMEZ RIDGE / EASTER ISLAND (RAPA NUI) / TEREVAKA / PACIFIC OCEAN,,-27.17,-27.17,-109.33,-109.33,SUBAERIAL,,,s EC-243 [802],BASALT [802],,,,,,,,,VOLCANIC ROCK,,,,,WHOLE_ROCK [802] ,220676.06350000002,22415.316,,75471.1926,,,,107189.67,66324.15999999999,28403.183999999997,1781.2534,,5229.945,25890.8093,,,,,,,,,,,,,,,,,,,,,,,,,,,,,,,,,,,,,,,,,,,,,,,,,,,,,,,,,,,,,,,,,,,,,,,,,,,,,,,,,,,,,,,,,,,,,,,,,,,,,,,,,,,,,,,,,,,,,,,,,,,,,,,,,,32431,
[802],OCEAN ISLAND,EASTER SEAMOUNT CHAIN - SALAS Y GOMEZ RIDGE / EASTER ISLAND (RAPA NUI) / TEREVAKA / PACIFIC OCEAN,,-27.17,-27.17,-109.33,-109.33,SUBAERIAL,,,s EH-302 [802],BASALT [802],,,,,,,,,VOLCANIC ROCK,,,,,WHOLE_ROCK [802] ,225397.157,17980.199999999997,,84627.23490000001,,,,106878.75,51887.22,20201.84,1936.145,,4897.884999999999,28932.423,,,,,,,,,,,,,,,,,,,,,,,,,,,,,,,,,,,,,,,,,,,,,,,,,,,,,,,,,,,,,,,,,,,,,,,,,,,,,,,,,,,,,,,,,,,,,,,,,,,,,,,,,,,,,,,,,,,,,,,,,,,,,,,,,,32432,
[802],OCEAN ISLAND,EASTER SEAMOUNT CHAIN - SALAS Y GOMEZ RIDGE / EASTER ISLAND (RAPA NUI) / TEREVAKA / PACIFIC OCEAN,,-27.17,-27.17,-109.33,-109.33,SUBAERIAL,,,s EC-207 [802],BASALT [802],,,,,,,,,VOLCANIC ROCK,,,,,WHOLE_ROCK [802] ,225537.3875,16361.981999999998,,84521.38470000001,,,,83404.29000000001,69683.25,44323.439999999995,1471.4702,,5229.945,22478.267099999997,,,,,,,,,,,,,,,,,,,,,,,,,,,,,,,,,,,,,,,,,,,,,,,,,,,,,,,,,,,,,,,,,,,,,,,,,,,,,,,,,,,,,,,,,,,,,,,,,,,,,,,,,,,,,,,,,,,,,,,,,,,,,,,,,,32433,
[802],OCEAN ISLAND,EASTER SEAMOUNT CHAIN - SALAS Y GOMEZ RIDGE / EASTER ISLAND (RAPA NUI) / TEREVAKA / PACIFIC OCEAN,,-27.17,-27.17,-109.33,-109.33,SUBAERIAL,,,s EC-201 [802],BASALT [802],,,,,,,,,VOLCANIC ROCK,,,,,WHOLE_ROCK [802] ,228388.741,17920.266,,87061.7895,,,,86435.76,64465.939999999995,38715.168,1394.0244,,7803.41,25148.9523,,,,,,,,,,,,,,,,,,,,,,,,,,,,,,,,,,,,,,,,,,,,,,,,,,,,,,,,,,,,,,,,,,,,,,,,,,,,,,,,,,,,,,,,,,,,,,,,,,,,,,,,,,,,,,,,,,,,,,,,,,,,,,,,,,32434,
[802],OCEAN ISLAND,EASTER SEAMOUNT CHAIN - SALAS Y GOMEZ RIDGE / EASTER ISLAND (RAPA NUI) / TEREVAKA / PACIFIC OCEAN,,-27.17,-27.17,-109.33,-109.33,SUBAERIAL,,,s EC-322 [802],BASALT [802],,,,,,,,,VOLCANIC ROCK,,,,,WHOLE_ROCK [802] ,233063.09100000001,20737.163999999997,,77746.9719,,,,101515.38,65395.05,27257.407999999996,1703.8076,,6226.125,22997.567,,,,,,,,,,,,,,,,,,,,,,,,,,,,,,,,,,,,,,,,,,,,,,,,,,,,,,,,,,,,,,,,,,,,,,,,,,,,,,,,,,,,,,,,,,,,,,,,,,,,,,,,,,,,,,,,,,,,,,,,,,,,,,,,,,32437,
[802],OCEAN ISLAND,EASTER SEAMOUNT CHAIN - SALAS Y GOMEZ RIDGE / EASTER ISLAND (RAPA NUI) / TEREVAKA / PACIFIC OCEAN,,-27.17,-27.17,-109.33,-109.33,SUBAERIAL,,,s EC-369 [802],BASALT [802],,,,,,,,,VOLCANIC ROCK,,,,,WHOLE_ROCK [802] ,236007.93150000004,16961.322,,78223.2978,,,,93198.27,70255.01,38232.736,1548.9160000000002,,4565.825000000001,25000.5809,,,,,,,,,,,,,,,,,,,,,,,,,,,,,,,,,,,,,,,,,,,,,,,,,,,,,,,,,,,,,,,,,,,,,,,,,,,,,,,,,,,,,,,,,,,,,,,,,,,,,,,,,,,,,,,,,,,,,,,,,,,,,,,,,,32438,
[802],OCEAN ISLAND,EASTER SEAMOUNT CHAIN - SALAS Y GOMEZ RIDGE / EASTER ISLAND (RAPA NUI) / TEREVAKA / PACIFIC OCEAN,,-27.17,-27.17,-109.33,-109.33,SUBAERIAL,,,s 17729 [802],BASALT [802],,,,,,,,,VOLCANIC ROCK,,,,,WHOLE_ROCK [802] ,240027.87250000003,17740.464,,87273.4899,,,,92032.31999999999,69897.65999999999,24302.512,1548.9160000000002,,5977.08,25742.4379,,,,,,,,,,,,,,,,,,,,,,,,,,,,,,,,,,,,,,,,,,,,,,,,,,,,,,,,,,,,,,,,,,,,,,,,,,,,,,,,,,,,,,,,,,,,,,,,,,,,,,,,,,,,,,,,,,,,,,,,,,,,,,,,,,32439,
[1333],OCEAN ISLAND,EASTER SEAMOUNT CHAIN - SALAS Y GOMEZ RIDGE / EASTER ISLAND (RAPA NUI) / PACIFIC OCEAN,,-27.17,-27.17,-109.33,-109.33,SUBAERIAL,,,s PV650 [1333],RHYOLITE [1333],,,,,,,,,VOLCANIC ROCK,,,,,WHOLE_ROCK [1333] ,,,,,,,,,,,,,29138.265,36647.7358,,,,,,,,,,,,,,,,,,,,,,,,,,,,,,,,,,,,,,,,,,,,,,,,,,,,,,,,,,,,,,,,,,,,,,,,,,,,,,,,,,,,,,,,,,,,,,,,,,,,,,6.94,,11.51,3.33,,,,,,19.306,,15.66,,39.15,,,,,,,,,,,,,,,32807,
[1333],OCEAN ISLAND,EASTER SEAMOUNT CHAIN - SALAS Y GOMEZ RIDGE / EASTER ISLAND (RAPA NUI) / PACIFIC OCEAN,,-27.17,-27.17,-109.33,-109.33,SUBAERIAL,,,s PV652 [1333],"ANDESITE, ANDESINE [1333]",,,,,,,,,VOLCANIC ROCK,,,,,WHOLE_ROCK [1333] ,,,,,,,,,,,,,11040.995,31974.036699999997,,,,,,,,,,,,,,,,,,,,,,,,,,,,,,,,,,,,,,,,,,,,,,,,,,,,,,,,,,,,,,,,,,,,,,,,,,,,,,,,,,,,,,,,,,,,,,,,,,,,,,2.33,,3.61,1.11,,,,,,19.253,,15.58,,38.94,,,,,,,,,,,,,,,32808,
[1333],OCEAN ISLAND,EASTER SEAMOUNT CHAIN - SALAS Y GOMEZ RIDGE / EASTER ISLAND (RAPA NUI) / PACIFIC OCEAN,,-27.17,-27.17,-109.33,-109.33,SUBAERIAL,,,s PV653 [1333],"BASALT, ALKALINE [1333]",,,,,,,,,VOLCANIC ROCK,,,,,WHOLE_ROCK [1333] ,,,,,,,,,,,,,8301.5,24184.5382,,,,,,,,,,,,,,,,,,,,,,,,,,,,,,,,,,,,,,,,,,,,,,,,,,,,,,,,,,,,,,,,,,,,,,,,,,,,,,,,,,,,,,,,,,,,,,,,,,,,,,1.98,,2.58,0.63,,,,,,19.301,,15.73,,39.46,,,,,,,,,,,,,,,32809,
[1333],OCEAN ISLAND,EASTER SEAMOUNT CHAIN - SALAS Y GOMEZ RIDGE / EASTER ISLAND (RAPA NUI) / PACIFIC OCEAN,,-27.17,-27.17,-109.33,-109.33,SUBAERIAL,,,s PV651 [1333],THOLEIITE [1333],,,,,,,,,VOLCANIC ROCK,,,,,WHOLE_ROCK [1333] ,,,,,,,,,,,,,4814.87,24481.281,,,,,,,,,,,,,,,,,,,,,,,,,,,,,,,,,,,,,,,,,,,,,,,,,,,,,,,,,,,,,,,,,,,,,,,,,,,,,,,,,,,,,,,,,,,,,,,,,,,,,,1.2,,1.67,0.44,,,,,,19.28,,15.67,,39.16,,,,,,,,,,,,,,,32810,
[1333],OCEAN ISLAND,EASTER SEAMOUNT CHAIN - SALAS Y GOMEZ RIDGE / EASTER ISLAND (RAPA NUI) / PACIFIC OCEAN,,-27.17,-27.17,-109.33,-109.33,SUBAERIAL,,,s PV650 [1333],RHYOLITE [1333],,,,,,,,,VOLCANIC ROCK,,,,,WHOLE_ROCK [1333] ,,,,,,,,,,,,,,,,,,,,,,,,,,,,,,,,,,,,,,,,,,,,,,,,,,,,,,,,,,,,,,,,,,,,,,,,,,,,,,,,,,,,,,,,,,,,,,,,,,,,,,,,,,,,,,,,,,,,,,,,,,,,,19.31,,,,,,,,,,,,,,,,,,,32859,
[798][3061],OCEAN ISLAND,EASTER SEAMOUNT CHAIN - SALAS Y GOMEZ RIDGE / EASTER ISLAND (RAPA NUI) / TEREVAKA / PACIFIC OCEAN,"ROIHO, SOUTH-WEST SIDE",-27.17,-27.17,-109.33,-109.33,SUBAERIAL,,,s 17678 [798],"HAWAIITE, OLIVINE [798]",,,,,,,,,VOLCANIC ROCK,,,,,WHOLE_ROCK [798] ,223387.1865,17800.398,,84045.05880000001,,21961.16,65992.77,,71184.12000000001,46976.816,619.5664,,6060.095,21662.2244,829.1999000000001,,2200.,600.,,,,,,,,,,,,,,,,,,,,,,,,,,,,,,,,,,,,,,,,,,,,,,,,127,55,91,,,,,,9,347,32,213,26,,,,,,0.09,,,,0.00022,,,179,,,,,,,,,,,,,,,,,,,,,,,,,,,,,,,,,,,,,,,,,,,,,,,,,,,,,3444-17678,
[3061],OCEAN ISLAND,EASTER SEAMOUNT CHAIN - SALAS Y GOMEZ RIDGE / EASTER ISLAND (RAPA NUI) / TEREVAKA / PACIFIC OCEAN,"ROIHO, SOUTH-WEST SIDE",-27.17,-27.17,-109.33,-109.33,SUBAERIAL,,,s 17736 [3061],BASALT [3061],,,,,,,,,VOLCANIC ROCK,,,,,WHOLE_ROCK [3061] ,,,,,,,,,,,,,,,,,,,,,,,,,,,,,,,,,,,,,,,,,,,,,,,,,,,,,,,,,,,,,,,,,,,,,,,,,,,,,,,,,,,,0.113,,,,0.00024,,,,,,,,,,,,,,,,,,,,,,,,,,,,,,,,,,,,,,,,,,,,,,,,,,,,,,,,3444-17736,
[1427][798],OCEAN ISLAND,EASTER SEAMOUNT CHAIN - SALAS Y GOMEZ RIDGE / EASTER ISLAND (RAPA NUI) / RANO KAU / PACIFIC OCEAN,PARASITIC CENTER OF NORTH-EAST SLOPES,-27.17,-27.17,-109.33,-109.33,SUBAERIAL,,,s 17518 [1427],COMENDITE [1427],,,,,,,,,VOLCANIC ROCK,,,,,VOLCANIC GLASS [1427] ,339357.81,1198.68,,67638.2778,,6154.72,15701.460000000001,,4931.429999999999,60.303999999999995,619.5664,,31877.76,42805.14889999999,87.2842,,3100.,,,,,1900.,2100.,,,,,,,,,,,,,,,,,,,,,,,,,,,,,,,,,,,,,,,,,,,3,1,244,,,,,,97,25,156,975,118,,,,,,,,,,,,,248,,,,,,,,,,,,,,,,,,,,,,,,,,,,,,,,,,,,,,,,,,,,,,,,,,,,,3454-17518,
[1427][798],OCEAN ISLAND,EASTER SEAMOUNT CHAIN - SALAS Y GOMEZ RIDGE / EASTER ISLAND (RAPA NUI) / RANO KAU / PACIFIC OCEAN,MAUNGA ORITO,-27.17,-27.17,-109.33,-109.33,SUBAERIAL,,,s 17691 [1427],COMENDITE [1427],,,,,,,,APHYRIC [1427] ,VOLCANIC ROCK,,,,,VOLCANIC GLASS [1427] ,339825.24500000005,1198.68,,68114.60369999999,,6014.84,16012.380000000001,,4431.14,0.,542.1206000000001,,32292.835000000003,42730.9632,43.6421,,2700.,,,,,1800.,2000.,,,,,,,,,,,,,,,,,,,,,,,,,,,,,,,,,,,,,,,,,,,6,11,246,,,,,,85,28,156,1049,126,,,,,,,,,,,,,364,,,,,,,,,,,,,,,,,,,,,,,,,,,,,,,,,,,,,,,,,,,,,,,,,,,,,3455-17691,
[1484],OCEAN ISLAND,EASTER SEAMOUNT CHAIN - SALAS Y GOMEZ RIDGE / EASTER ISLAND (RAPA NUI) / PACIFIC OCEAN,ANAKENA,-27.17,-27.17,-109.33,-109.33,SUBAERIAL,,,s 1 [1484],BASALT [1484],,,,,,,,,VOLCANIC ROCK,,,,,WHOLE_ROCK [1484] ,213524.30800000002,24333.203999999998,,74783.16630000001,,71338.79999999999,20676.18,,72184.7,33167.2,774.4580000000001,,6392.155,27003.5948,1963.8945,,26800.,4700.,,,,,,,,,,,,,,,,,,,,,,,,,,,,,,,,,,,,,,,,,,,,,,,,,,,,,,,,,,,,,,,,,,,,,,,,,,,,,,,,,,,,,,,,,,,,,,,,,,,,,,,,,,,,,,,,,,,,,,,,,,,,,,39219,
[1484],OCEAN ISLAND,EASTER SEAMOUNT CHAIN - SALAS Y GOMEZ RIDGE / EASTER ISLAND (RAPA NUI) / RANO RARAKU / PACIFIC OCEAN,,-27.17,-27.17,-109.33,-109.33,SUBAERIAL,,,s 2 [1484],BASALT [1484],,,,,,,,APHYRIC [1484] ,VOLCANIC ROCK,,,,,WHOLE_ROCK [1484] ,233810.98700000002,14504.027999999998,,80869.5528,,12729.08,84414.78,,57747.76,19960.624,1548.9160000000002,,11373.055,32790.079399999995,1745.6840000000002,,8100.000000000001,3300.,,,,,,,,,,,,,,,,,,,,,,,,,,,,,,,,,,,,,,,,,,,,,,,,,,,,,,,,,,,,,,,,,,,,,,,,,,,,,,,,,,,,,,,,,,,,,,,,,,,,,,,,,,,,,,,,,,,,,,,,,,,,,,39220,
[1484],OCEAN ISLAND,EASTER SEAMOUNT CHAIN - SALAS Y GOMEZ RIDGE / EASTER ISLAND (RAPA NUI) / PACIFIC OCEAN,TONGA RIKI,-27.17,-27.17,-109.33,-109.33,SUBAERIAL,,,s 3 [1484],BASALT [1484],,,,,,,,APHYRIC [1484] ,VOLCANIC ROCK,,,,,WHOLE_ROCK [1484] ,225958.07900000003,22655.051999999996,,69120.1806,,13708.24,78351.84,,74328.8,28584.096,1471.4702,,7471.35,26781.037699999997,2051.1787,,13700.000000000002,10200.,,,,,,,,,,,,,,,,,,,,,,,,,,,,,,,,,,,,,,,,,,,,,,,,,,,,,,,,,,,,,,,,,,,,,,,,,,,,,,,,,,,,,,,,,,,,,,,,,,,,,,,,,,,,,,,,,,,,,,,,,,,,,,39221,
[1484],OCEAN ISLAND,EASTER SEAMOUNT CHAIN - SALAS Y GOMEZ RIDGE / EASTER ISLAND (RAPA NUI) / PACIFIC OCEAN,BAIE DE LAPEROUSE,-27.17,-27.17,-109.33,-109.33,SUBAERIAL,,,s 4 [1484],BASALT [1484],,,,,,,,APHYRIC [1484] ,VOLCANIC ROCK,,,,,WHOLE_ROCK [1484] ,200623.102,28049.111999999997,,83092.407,,54832.96,58763.88,,58748.340000000004,22071.264,1316.5786,,5562.005,25742.4379,4495.1363,,26400.,17300.,,,,,,,,,,,,,,,,,,,,,,,,,,,,,,,,,,,,,,,,,,,,,,,,,,,,,,,,,,,,,,,,,,,,,,,,,,,,,,,,,,,,,,,,,,,,,,,,,,,,,,,,,,,,,,,,,,,,,,,,,,,,,,39222,
[1484],OCEAN ISLAND,EASTER SEAMOUNT CHAIN - SALAS Y GOMEZ RIDGE / EASTER ISLAND (RAPA NUI) / PACIFIC OCEAN,BAIE DE LAPEROUSE,-27.17,-27.17,-109.33,-109.33,SUBAERIAL,,,s 5 [1484],BASALT [1484],,,,,,,,PORPHYRIC [1484] ,VOLCANIC ROCK,,,,,WHOLE_ROCK [1484] ,215300.56100000002,28768.319999999996,,77799.897,,28255.760000000002,61873.08,,77330.54000000001,29307.744,1161.687,,6558.185,20920.3674,2182.105,,18100.,8200.,,,,,,,,,,,,,,,,,,,,,,,,,,,,,,,,,,,,,,,,,,,,,,,,,,,,,,,,,,,,,,,,,,,,,,,,,,,,,,,,,,,,,,,,,,,,,,,,,,,,,,,,,,,,,,,,,,,,,,,,,,,,,,39223,
[1484],OCEAN ISLAND,EASTER SEAMOUNT CHAIN - SALAS Y GOMEZ RIDGE / EASTER ISLAND (RAPA NUI) / RANO RARAKU / PACIFIC OCEAN,,-27.17,-27.17,-109.33,-109.33,SUBAERIAL,,,s 6 [1484],BASALT [1484],,,,,,,,APHYRIC [1484] ,VOLCANIC ROCK,,,,,WHOLE_ROCK [1484] ,256528.32800000004,13664.951999999997,,71660.5854,,19163.56,78351.84,,46312.560000000005,14292.048,929.3496,,10542.905,30712.879799999995,3229.5153999999998,,4500.,7400.,,,,,,,,,,,,,,,,,,,,,,,,,,,,,,,,,,,,,,,,,,,,,,,,,,,,,,,,,,,,,,,,,,,,,,,,,,,,,,,,,,,,,,,,,,,,,,,,,,,,,,,,,,,,,,,,,,,,,,,,,,,,,,39224,
[1484],OCEAN ISLAND,EASTER SEAMOUNT CHAIN - SALAS Y GOMEZ RIDGE / EASTER ISLAND (RAPA NUI) / RANO KAU / PACIFIC OCEAN,,-27.17,-27.17,-109.33,-109.33,SUBAERIAL,,,s 7 [1484],DOLERITE [1484],,,,,,,,,PLUTONIC ROCK,,,,,WHOLE_ROCK [1484] ,218105.171,24333.203999999998,,75577.0428,,27766.18,68246.93999999999,,53888.38,32262.639999999996,929.3496,,8301.5,19065.724899999997,2051.1787,,33500.,21400.,,,,,,,,,,,,,,,,,,,,,,,,,,,,,,,,,,,,,,,,,,,,,,,,,,,,,,,,,,,,,,,,,,,,,,,,,,,,,,,,,,,,,,,,,,,,,,,,,,,,,,,,,,,,,,,,,,,,,,,,,,,,,,39225,
[1484],OCEAN ISLAND,EASTER SEAMOUNT CHAIN - SALAS Y GOMEZ RIDGE / EASTER ISLAND (RAPA NUI) / RANO RARAKU / PACIFIC OCEAN,,-27.17,-27.17,-109.33,-109.33,SUBAERIAL,,,s 8 [1484],BASALT [1484],,,,,,,,,VOLCANIC ROCK,,,,,WHOLE_ROCK [1484] ,212776.41200000004,14384.159999999998,,75788.74320000001,,48398.479999999996,39953.219999999994,,42024.36,17970.592,1548.9160000000002,,11124.01,21439.6673,1178.3367,,48099.99999999999,72200.,,,,,,,,,,,,,,,,,,,,,,,,,,,,,,,,,,,,,,,,,,,,,,,,,,,,,,,,,,,,,,,,,,,,,,,,,,,,,,,,,,,,,,,,,,,,,,,,,,,,,,,,,,,,,,,,,,,,,,,,,,,,,,39226,
[1484],OCEAN ISLAND,EASTER SEAMOUNT CHAIN - SALAS Y GOMEZ RIDGE / EASTER ISLAND (RAPA NUI) / RANO KAU / PACIFIC OCEAN,,-27.17,-27.17,-109.33,-109.33,SUBAERIAL,,,s 9 [1484],DACITE [1484],,,,,,,,,VOLCANIC ROCK,,,,,WHOLE_ROCK [1484] ,284761.402,11267.591999999999,,71290.1097,,20912.06,43295.61,,35592.060000000005,9950.159999999998,1084.2412000000002,,14361.595,34199.6077,1527.4734999999998,,10100.,8300.,,,,,,,,,,,,,,,,,,,,,,,,,,,,,,,,,,,,,,,,,,,,,,,,,,,,,,,,,,,,,,,,,,,,,,,,,,,,,,,,,,,,,,,,,,,,,,,,,,,,,,,,,,,,,,,,,,,,,,,,,,,,,,39227,
[1484],OCEAN ISLAND,EASTER SEAMOUNT CHAIN - SALAS Y GOMEZ RIDGE / EASTER ISLAND (RAPA NUI) / PACIFIC OCEAN,MATAVERI,-27.17,-27.17,-109.33,-109.33,SUBAERIAL,,,s 10 [1484],"DACITE, ANDESITIC [1484]",,,,,,,,,VOLCANIC ROCK,,,,,WHOLE_ROCK [1484] ,279292.41250000003,4195.379999999999,,81610.5042,,24269.18,54644.19,,32161.5,5608.272,2942.9404,,14444.61,35238.2075,1483.8314,,3500.,5000.,,,,,,,,,,,,,,,,,,,,,,,,,,,,,,,,,,,,,,,,,,,,,,,,,,,,,,,,,,,,,,,,,,,,,,,,,,,,,,,,,,,,,,,,,,,,,,,,,,,,,,,,,,,,,,,,,,,,,,,,,,,,,,39228,
[1484],OCEAN ISLAND,EASTER SEAMOUNT CHAIN - SALAS Y GOMEZ RIDGE / EASTER ISLAND (RAPA NUI) / PACIFIC OCEAN,MOTU NUI,-27.17,-27.17,-109.33,-109.33,SUBAERIAL,,,s 11 [1484],RHYOLITE [1484],,,,,,,,,VOLCANIC ROCK,,,,,WHOLE_ROCK [1484] ,340012.219,1678.152,,48373.5414,,19513.260000000002,6218.400000000001,,6718.179999999999,603.04,387.22900000000004,,23410.23,32790.079399999995,4844.2731,,23300.,27200.000000000004,,,,,,,,,,,,,,,,,,,,,,,,,,,,,,,,,,,,,,,,,,,,,,,,,,,,,,,,,,,,,,,,,,,,,,,,,,,,,,,,,,,,,,,,,,,,,,,,,,,,,,,,,,,,,,,,,,,,,,,,,,,,,,39229,
[1484],OCEAN ISLAND,EASTER SEAMOUNT CHAIN - SALAS Y GOMEZ RIDGE / EASTER ISLAND (RAPA NUI) / RANO KAU / PACIFIC OCEAN,,-27.17,-27.17,-109.33,-109.33,SUBAERIAL,,,s 12 [1484],NOT GIVEN [1484],,,,,,,,,VOLCANIC ROCK,,,,,VOLCANIC GLASS [1484] ,346930.25700000004,539.406,,64833.247500000005,,2797.6000000000004,19587.96,,7004.0599999999995,,464.6748,,31711.73,38650.7497,,,6700.,1600.,,,,,,,,,,,,,,,,,,,,,,,,,,,,,,,,,,,,,,,,,,,,,,,,,,,,,,,,,,,,,,,,,,,,,,,,,,,,,,,,,,,,,,,,,,,,,,,,,,,,,,,,,,,,,,,,,,,,,,,,,,,,,,39230,
[1484],OCEAN ISLAND,EASTER SEAMOUNT CHAIN - SALAS Y GOMEZ RIDGE / EASTER ISLAND (RAPA NUI) / MAUNGA ORITO / PACIFIC OCEAN,,-27.17,-27.17,-109.33,-109.33,SUBAERIAL,,,s 13 [1484],NOT GIVEN [1484],,,,,,,,,VOLCANIC ROCK,,,,,VOLCANIC GLASS [1484] ,336179.25200000004,1678.152,,71925.2109,,3566.94,21064.829999999998,,7718.76,422.12800000000004,851.9038,,27976.055,43992.12009999999,0.,,1800.,1100.,,,,,,,,,,,,,,,,,,,,,,,,,,,,,,,,,,,,,,,,,,,,,,,,,,,,,,,,,,,,,,,,,,,,,,,,,,,,,,,,,,,,,,,,,,,,,,,,,,,,,,,,,,,,,,,,,,,,,,,,,,,,,,39231,
[1484],OCEAN ISLAND,EASTER SEAMOUNT CHAIN - SALAS Y GOMEZ RIDGE / EASTER ISLAND (RAPA NUI) / PACIFIC OCEAN,MOTU NUI,-27.17,-27.17,-109.33,-109.33,SUBAERIAL,,,s 14 [1484],RHYOLITE [1484],,,,,,,,,VOLCANIC ROCK,,,,,WHOLE_ROCK [1484] ,340573.141,1138.7459999999999,,71343.03480000001,,16365.96,6296.13,,2572.92,361.82399999999996,232.3374,,28723.19,40357.0208,0.,,8600.,6000.,,,,,,,,,,,,,,,,,,,,,,,,,,,,,,,,,,,,,,,,,,,,,,,,,,,,,,,,,,,,,,,,,,,,,,,,,,,,,,,,,,,,,,,,,,,,,,,,,,,,,,,,,,,,,,,,,,,,,,,,,,,,,,39232,
[1484],OCEAN ISLAND,EASTER SEAMOUNT CHAIN - SALAS Y GOMEZ RIDGE / EASTER ISLAND (RAPA NUI) / POIKE / PACIFIC OCEAN,,-27.17,-27.17,-109.33,-109.33,SUBAERIAL,,,s 15 [1484],RHYOLITE [1484],,,,,,,,,VOLCANIC ROCK,,,,,WHOLE_ROCK [1484] ,311218.223,2517.2279999999996,,77006.02050000001,,16435.9,21142.56,,6861.12,,464.6748,,32541.88,43992.12009999999,,,16900.,7500.,,,,,,,,,,,,,,,,,,,,,,,,,,,,,,,,,,,,,,,,,,,,,,,,,,,,,,,,,,,,,,,,,,,,,,,,,,,,,,,,,,,,,,,,,,,,,,,,,,,,,,,,,,,,,,,,,,,,,,,,,,,,,,39233,
[1484],OCEAN ISLAND,EASTER SEAMOUNT CHAIN - SALAS Y GOMEZ RIDGE / EASTER ISLAND (RAPA NUI) / MAUNGA ORITO / PACIFIC OCEAN,,-27.17,-27.17,-109.33,-109.33,SUBAERIAL,,,s 16 [1484],RHYOLITE [1484],,,,,,,,,VOLCANIC ROCK,,,,,WHOLE_ROCK [1484] ,320192.97500000003,1318.548,,78911.3241,,26017.68,5985.21,,3859.38,,387.22900000000004,,25485.605,34347.9791,,,26900.,13700.000000000002,,,,,,,,,,,,,,,,,,,,,,,,,,,,,,,,,,,,,,,,,,,,,,,,,,,,,,,,,,,,,,,,,,,,,,,,,,,,,,,,,,,,,,,,,,,,,,,,,,,,,,,,,,,,,,,,,,,,,,,,,,,,,,39234,
[1214],OCEAN ISLAND,EASTER SEAMOUNT CHAIN - SALAS Y GOMEZ RIDGE / EASTER ISLAND (RAPA NUI) / PACIFIC OCEAN,,-27.2,-27.2,-109.3,-109.3,SUBAERIAL,,,s 26 [1214],NOT GIVEN [1214],,,,,,,,,VOLCANIC ROCK,,,,,WHOLE_ROCK [1214] ,,,,,,,,,,,,,,,,,,,,,,,,,,,,,,,,,,,,,,,,,,,,,,,,,,,,,,,,,,,,,,,,,,,,,,,,,,,,,,,,,,,,,,,,,,,,,,,,,,,,,,,,,,,,,,,,,,,,,,,,,,,,,18.789,,15.56,,38.392,,,,,,,,,,,,,,,39679,
[1214],OCEAN ISLAND,EASTER SEAMOUNT CHAIN - SALAS Y GOMEZ RIDGE / EASTER ISLAND (RAPA NUI) / PACIFIC OCEAN,,-27.2,-27.2,-109.3,-109.3,SUBAERIAL,,,s 13 [1214],NOT GIVEN [1214],,,,,,,,,VOLCANIC ROCK,,,,,WHOLE_ROCK [1214] ,,,,,,,,,,,,,,,,,,,,,,,,,,,,,,,,,,,,,,,,,,,,,,,,,,,,,,,,,,,,,,,,,,,,,,,,,,,,,,,,,,,,,,,,,,,,,,,,,,,,,,,,,,,,,,,,,,,,,,,,,,,,,19.29,,15.573,,38.839,,,,,,,,,,,,,,,39680,
[806][17320],OCEAN ISLAND,EASTER SEAMOUNT CHAIN - SALAS Y GOMEZ RIDGE / EASTER ISLAND (RAPA NUI) / TEREVAKA / PACIFIC OCEAN,ROIHO LAVA FIELD,-27.17,-27.17,-109.33,-109.33,SUBAERIAL,,,s EI9207 [806],"BASALT, TRANSITIONAL [806] / NOT GIVEN [17320]",,,,,,,,,VOLCANIC ROCK,,,FRESH,,WHOLE_ROCK [806] ,222966.49500000002,16553.7708,,86479.6134,,,,86124.84,70755.3,47459.248,1394.0244,,4582.428000000001,22404.0814,1592.9366499999999,,,,,,,,,,,,,,,,,,,,,,,,,,,,,,,,,,,,,,,,,,,,27.9,,294,209,,,48.3,139,49.9,99.8,,,,,,5.54,318,37.1,191,26.9,,,,,,,,,,,,0.03,119,21.6,45.5,6.09,26.8,6.34,2.13,6.73,1.01,5.92,1.16,3.21,0.42,2.76,0.38,4.57,1.62,,,,,,,,,1.16,,1.5,0.56,0.512974,,,0.702972,,19.453,,15.585,,39.03,,,,,,,,,,,,,,,4038-EI9207,
[806][17320],OCEAN ISLAND,EASTER SEAMOUNT CHAIN - SALAS Y GOMEZ RIDGE / EASTER ISLAND (RAPA NUI) / TEREVAKA / PACIFIC OCEAN,ROIHO LAVA FIELD,-27.17,-27.17,-109.33,-109.33,SUBAERIAL,,,s EI9209 [806],"BASALT, TRANSITIONAL [806] / NOT GIVEN [17320]",,,,,,,,APHYRIC [806] ,VOLCANIC ROCK,,,FRESH,,WHOLE_ROCK [806] ,219834.68050000002,18561.5598,,87008.8644,,,,87834.90000000001,67467.68,43057.056,1394.0244,,4864.679,23220.124099999997,2186.46921,,,,,,,,,,,,,,,,,,,,,,,,,,,,,,,,,,,,,,,,,,,,22,,306,156,,,37.4,105,33.2,84.7,,,,,,3.66,300,39,272,37.3,,,,,,,,,,,,0.03,148,29.4,72.6,8.57,35.5,8.17,2.59,8.55,1.25,7.07,1.29,3.7,0.48,3.13,0.43,5.44,2.34,,,,,,,,,1.38,,2.9,0.85,0.512947,,,0.70299,,19.649,,15.594,,39.215,,,,,,,,,,,,,,,4038-EI9209,
[806][17320],OCEAN ISLAND,EASTER SEAMOUNT CHAIN - SALAS Y GOMEZ RIDGE / EASTER ISLAND (RAPA NUI) / RANO KAU / PACIFIC OCEAN,ANA KAI TANGATA,-27.17,-27.17,-109.33,-109.33,SUBAERIAL,,,s EI9214 [806],BENMOREITE [806] / NOT GIVEN [17320],,,,,,,,,VOLCANIC ROCK,,,FRESH,,WHOLE_ROCK [806] ,274851.78,7084.198799999999,,77535.2715,,,,80994.66,32661.79,6874.655999999999,2013.5908,,14751.7655,38428.192599999995,1671.49243,,,,,,,,,,,,,,,,,,,,,,,,,,,,,,,,,,,,,,,,,,,,17.1,,11.8,1.24,,,3.59,0.01,5.21,135,,,,,,28.3,209,85.2,672,64.1,,,,,,,,,,,,0.325,265,49.6,127,15.4,64.8,15.5,4.81,16.4,2.55,14.9,2.78,8.53,1.15,7.73,1.07,14,3.89,,,,,,,,,2.85,,5.6,1.9,0.512988,,,0.702888,,,,,,,,,,,,,,,,,,,,,4041-EI9214,
[806][14783],OCEAN ISLAND,EASTER SEAMOUNT CHAIN - SALAS Y GOMEZ RIDGE / EASTER ISLAND (RAPA NUI) / RANO KAU / RANO KAU RIDGE / PACIFIC OCEAN,,-27.365,-27.37,-109.57,-109.58,SUBAQUATIC,-2053,-2294,s 24DS-2 [806] / s 24DS2 [14783],THOLEIITE [806] / BASALT [14783],,,,,,,,,VOLCANIC ROCK,,,,,VOLCANIC GLASS [806] / WHOLE_ROCK [806] ,234605.6265,10068.911999999998,,79334.7249,,,,70423.38,89337.5,34855.712,1239.1328,,2673.083,20178.5104,781.19359,,,,,,,,,,,,,,,,,,,,,,,,,,,,,,,,,,,,,,,,,83,2172,,,,,,,,,,,,,,,,,,,,,,,,,,,,,,,,,,,,,,,,,,,,,,,,,,,,,,,,,,,,,,,,,,,,,,,,,,,,,,,,,,,,,,,4044-24DS2,
[14783][806][17320],OCEAN ISLAND,EASTER SEAMOUNT CHAIN - SALAS Y GOMEZ RIDGE / EASTER ISLAND (RAPA NUI) / RANO KAU / RANO KAU RIDGE / PACIFIC OCEAN,,-27.365,-27.37,-109.57,-109.58,SUBAQUATIC,-2053,-2294,s 24DS4 [14783] / s 24DS-4 [806],BASALT [14783] / THOLEIITE [806] / NOT GIVEN [17320],,,,,,,,,VOLCANIC ROCK,,,,,VOLCANIC GLASS [14783] / WHOLE_ROCK [806] ,,,,,,,,,,44926.479999999996,,,,,,,,,,,,,,,,,,,,,,,,,,,,,,,,,,,,,,,,,,,,,,111,2278,,28,,295,330,,,36.1,76.8,61.2,62.7,,,,,,2.58,205,23,119,9.94,,,,,,,,,,,,0.03,35.1,7.15,20.5,2.83,13.3,3.77,1.36,4.38,0.7,4.24,0.79,2.36,0.31,1.96,0.27,2.65,0.69,,,,,,,,,0.68,,0.6,0.23,0.513081,,,0.702743,,19.045,,15.56,,38.606,,,,,,,,,,,,,,,4044-24DS4,
[806][16704][14710][14783][17320],OCEAN ISLAND,EASTER SEAMOUNT CHAIN - SALAS Y GOMEZ RIDGE / EASTER ISLAND (RAPA NUI) / RANO KAU / RANO KAU RIDGE / PACIFIC OCEAN,,-27.38,-27.39,-109.67,-109.68,SUBAQUATIC,-1506,-2144,s 25DS-3 [806] / s 25DS3 [14783],"BASALT, ALKALINE [806] / BASALT [16704] / NOT GIVEN [17320]",,,,,,,,,VOLCANIC ROCK,,,FRESH,,VOLCANIC GLASS [806] / WHOLE_ROCK [806] ,225303.67000000004,18447.685199999996,,85103.56079999999,,,,85425.27,67396.20999999999,36966.352,1316.5786,,7886.424999999999,25074.7666,1950.80187,,,,,,,,,,,,,,,,,,,,,,,,,,,,,,6.3,,,,,,,,,,,473,7947,,26.2293838309326,,284.056053258491,111.337820093846,,,32.2332367818706,66.5251825857507,41.2518875935085,95.2376900696021,,,,,,16.5353816641865,345.051282603895,33.6887949537215,240.150521882279,38.0805469874781,,,,,,,,,,,,0.18498454285002,161.855859300705,26.5330129874976,59.9800326813193,7.45774480982698,31.9489349714629,7.28049322024587,2.37407967316022,7.36942010956459,1.13972375495489,6.7117235629204,1.2859336059476,3.38313730603948,0.476553618138526,3.05321398558888,0.444975998059519,5.72121512644751,2.33115899489185,,,,,,,,,1.39574481718094,,2.87648470751729,0.831249773977007,0.512906,,,0.70317,,19.751,,15.627,,39.423,,,,,,,,,,,,,,,4045-25DS-3,
[1460],OCEAN ISLAND,EASTER SEAMOUNT CHAIN - SALAS Y GOMEZ RIDGE / EASTER ISLAND (RAPA NUI) / RANO KAU / PACIFIC OCEAN,MAUNGA ORITO,-27.17,-27.17,-109.33,-109.33,SUBAERIAL,,,s 1 [1460],NOT GIVEN [1460],,,,,,,,,VOLCANIC ROCK,,,,,VOLCANIC GLASS [1460] ,338937.11850000004,1258.6139999999998,,70655.0085,,9441.900000000001,15468.27,,3359.0899999999997,964.8639999999999,,,37190.72,35683.32169999999,,,4700.,,,,,,,,,,,,,500.,,,,,,,,,,,,,,,,,,,,,,,,,,,,,,,,,,,,,,,,,,,,,,,,,,,,,,,,,,,,,,,,,,,,,,,,,,,,,,,,,,,,,,,,,,,,,,,,,,,,,,,,,,,,,,,,,,44395,
[1460],OCEAN ISLAND,EASTER SEAMOUNT CHAIN - SALAS Y GOMEZ RIDGE / EASTER ISLAND (RAPA NUI) / RANO KAU / PACIFIC OCEAN,MAUNGA ORITO,-27.17,-27.17,-109.33,-109.33,SUBAERIAL,,,s 1A [1460],NOT GIVEN [1460],,,,,,,,,VOLCANIC ROCK,,,,,VOLCANIC GLASS [1460] ,347023.744,1078.812,,71131.3344,,559.52,16789.68,,3859.38,964.8639999999999,,,23161.185,43101.89169999999,,,3400.0000000000005,,,,,,,,,,,,,,,,,,,,,,,,,,,,,,,,,,,,,,,,,,,,,,,,,,,,,,,,,,,,,,,,,,,,,,,,,,,,,,,,,,,,,,,,,,,,,,,,,,,,,,,,,,,,,,,,,,,,,,,,,,,,,,,44396,
[1460],OCEAN ISLAND,EASTER SEAMOUNT CHAIN - SALAS Y GOMEZ RIDGE / EASTER ISLAND (RAPA NUI) / RANO KAU / PACIFIC OCEAN,MAUNGA ORITO,-27.17,-27.17,-109.33,-109.33,SUBAERIAL,,,s 1B [1460],NOT GIVEN [1460],,,,,,,,,VOLCANIC ROCK,,,,,VOLCANIC GLASS [1460] ,338048.99199999997,1258.6139999999998,,70602.0834,,10421.06,15312.81,,3287.6200000000003,964.8639999999999,,,38684.99,34867.279,,,4800.,,,,,,,,,,,,,600.,,,,,,,,,,,,,,,,,,,,,,,,,,,,,,,,,,,,,,,,,,,,,,,,,,,,,,,,,,,,,,,,,,,,,,,,,,,,,,,,,,,,,,,,,,,,,,,,,,,,,,,,,,,,,,,,,,44397,
[1460],OCEAN ISLAND,EASTER SEAMOUNT CHAIN - SALAS Y GOMEZ RIDGE / EASTER ISLAND (RAPA NUI) / RANO KAU / PACIFIC OCEAN,MAUNGA ORITO,-27.17,-27.17,-109.33,-109.33,SUBAERIAL,,,s 2 [1460],RHYOLITE [1460],,,,,,,,,VOLCANIC ROCK,,,,,VOLCANIC GLASS [1460] ,336179.25200000004,1678.152,,71925.2109,,3566.94,21064.829999999998,,7718.76,422.12800000000004,851.9038,,27976.055,43992.12009999999,,,1800.,1100.,,,,,,,,,,,,,,,,,,,,,,,,,,,,,,,,,,,,,,,,,,,,,,,,,,,,,,,,,,,,,,,,,,,,,,,,,,,,,,,,,,,,,,,,,,,,,,,,,,,,,,,,,,,,,,,,,,,,,,,,,,,,,,44398,
[1460],OCEAN ISLAND,EASTER SEAMOUNT CHAIN - SALAS Y GOMEZ RIDGE / EASTER ISLAND (RAPA NUI) / PACIFIC OCEAN,MATAVERI,-27.17,-27.17,-109.33,-109.33,SUBAERIAL,,,s 3 [1460],ANDESITE [1460],,,,,,,,,VOLCANIC ROCK,,,,,WHOLE_ROCK [1460] ,279292.41250000003,4195.379999999999,,81610.5042,,24269.18,54644.19,,32161.5,5608.272,2942.9404,,14444.61,35238.2075,1483.8314,,3500.,5000.,,,,,,,,,,,,,,,,,,,,,,,,,,,,,,,,,,,,,,,,,,,,,,,,,,,,,,,,,,,,,,,,,,,,,,,,,,,,,,,,,,,,,,,,,,,,,,,,,,,,,,,,,,,,,,,,,,,,,,,,,,,,,,44399,
[1460],OCEAN ISLAND,EASTER SEAMOUNT CHAIN - SALAS Y GOMEZ RIDGE / EASTER ISLAND (RAPA NUI) / RANO RARAKU / PACIFIC OCEAN,,-27.17,-27.17,-109.33,-109.33,SUBAERIAL,,,s 4 [1460],"BASALT, ANDESITIC [1460]",,,,,,,,,VOLCANIC ROCK,,,,,WHOLE_ROCK [1460] ,233810.98700000002,14504.027999999998,,80869.5528,,12729.08,84414.78,,57747.76,19960.624,1548.9160000000002,,11373.055,32790.079399999995,1745.6840000000002,,8100.000000000001,3300.,,7000.,,,,,,,,,,,,,,,,,,,,,,,,,,,,,,,,,,,,,,,,,,,,,,,,,,,,,,,,,,,,,,,,,,,,,,,,,,,,,,,,,,,,,,,,,,,,,,,,,,,,,,,,,,,,,,,,,,,,,,,,,,,,44400,
[1460],OCEAN ISLAND,EASTER SEAMOUNT CHAIN - SALAS Y GOMEZ RIDGE / EASTER ISLAND (RAPA NUI) / PACIFIC OCEAN,,-27.17,-27.17,-109.33,-109.33,SUBAERIAL,,,s 5 [1460],BASALT [1460],,,,,,,,,VOLCANIC ROCK,,,,,WHOLE_ROCK [1460] ,229370.35450000002,,,76529.6946,,,,129498.18000000001,51672.810000000005,22553.696,,,13614.46,21662.2244,,11700.,,,,,,,,,,,,,,,,,,,,,,,,,,,,,,,,,,,,,,,,,,,,,,,,,,,,,,,,,,,,,,,,,,,,,,,,,,,,,,,,,,,,,,,,,,,,,,,,,,,,,,,,,,,,,,,,,,,,,,,,,,,,,,,,44401,
[1460],OCEAN ISLAND,EASTER SEAMOUNT CHAIN - SALAS Y GOMEZ RIDGE / EASTER ISLAND (RAPA NUI) / RANO RARAKU / PACIFIC OCEAN,,-27.17,-27.17,-109.33,-109.33,SUBAERIAL,,,s 6 [1460],BASALT [1460],,,,,,,,,VOLCANIC ROCK,,,,,WHOLE_ROCK [1460] ,225023.20900000003,23733.863999999998,,79387.65000000001,,30633.719999999998,78895.95,,61178.32000000001,27920.751999999997,464.6748,,8301.5,24778.0238,349.1368,,8400.,,,,,,,,,,,,,500.,,,,,,,,,,,,,,,,,,,,,,,,,,,,,,,,,,,,,,,,,,,,,,,,,,,,,,,,,,,,,,,,,,,,,,,,,,,,,,,,,,,,,,,,,,,,,,,,,,,,,,,,,,,,,,,,,,44402,
[1460],OCEAN ISLAND,EASTER SEAMOUNT CHAIN - SALAS Y GOMEZ RIDGE / EASTER ISLAND (RAPA NUI) / TEREVAKA / PACIFIC OCEAN,COAST NORTH OF RANO AROI,-27.17,-27.17,-109.33,-109.33,SUBAERIAL,,,s 7 [1460],"BASALT, OLIVINE [1460]",,,,,,,,PORPHYRIC [1460] ,VOLCANIC ROCK,,,,,WHOLE_ROCK [1460] ,224462.28700000004,20017.956,,90396.0708,,16995.420000000002,76719.51,,67181.8,27619.232,929.3496,,6475.17,23887.7954,174.5684,,8600.,,,,,,,,,,,,,200.,,,,,,,,,,,,,,,,,,,,,,,,,,,,,,,,,,,,,,,,,,,,,,,,,,,,,,,,,,,,,,,,,,,,,,,,,,,,,,,,,,,,,,,,,,,,,,,,,,,,,,,,,,,,,,,,,,44403,
[1460],OCEAN ISLAND,EASTER SEAMOUNT CHAIN - SALAS Y GOMEZ RIDGE / EASTER ISLAND (RAPA NUI) / RANO RARAKU / PACIFIC OCEAN,,-27.17,-27.17,-109.33,-109.33,SUBAERIAL,,,s 8 [1460],"BASALT, ANDESITIC [1460]",,,,,,,,,VOLCANIC ROCK,,,,,WHOLE_ROCK [1460] ,212776.41200000004,14384.159999999998,,75788.74320000001,,48398.479999999996,39953.219999999994,,42024.36,17970.592,1548.9160000000002,,11124.01,21439.6673,1178.3367,,48099.99999999999,72200.,,3000.,,,,,,,,,,,,,,,,,,,,,,,,,,,,,,,,,,,,,,,,,,,,,,,,,,,,,,,,,,,,,,,,,,,,,,,,,,,,,,,,,,,,,,,,,,,,,,,,,,,,,,,,,,,,,,,,,,,,,,,,,,,,44404,
[1460],OCEAN ISLAND,EASTER SEAMOUNT CHAIN - SALAS Y GOMEZ RIDGE / EASTER ISLAND (RAPA NUI) / PACIFIC OCEAN,BAIE DE LAPEROUSE,-27.17,-27.17,-109.33,-109.33,SUBAERIAL,,,s L [1460],BASALT [1460],,,,,,,,APHYRIC [1460] ,VOLCANIC ROCK,,,,,WHOLE_ROCK [1460] ,200623.102,28049.111999999997,,83092.407,,54832.96,58763.88,,58748.340000000004,22071.264,1316.5786,,5562.005,25742.4379,4495.1363,,26400.,17300.,,,,,,,,,,,,,,,,,,,,,,,,,,,,,,,,,,,,,,,,,,,,,,,,,,,,,,,,,,,,,,,,,,,,,,,,,,,,,,,,,,,,,,,,,,,,,,,,,,,,,,,,,,,,,,,,,,,,,,,,,,,,,,44405,
[1460],OCEAN ISLAND,EASTER SEAMOUNT CHAIN - SALAS Y GOMEZ RIDGE / EASTER ISLAND (RAPA NUI) / PACIFIC OCEAN,,-27.17,-27.17,-109.33,-109.33,SUBAERIAL,,,s 9 [1460],NOT GIVEN [1460],,,,,,,,,VOLCANIC ROCK,,,,,WHOLE_ROCK [1460] ,187534.922,,,70231.60770000001,,,,73765.77,67682.09000000001,20020.927999999996,,,8052.455,15282.2542,,204300.,,,,,,,,,,,,,,,,,,,,,,,,,,,,,,,,,,,,,,,,,,,,,,,,,,,,,,,,,,,,,,,,,,,,,,,,,,,,,,,,,,,,,,,,,,,,,,,,,,,,,,,,,,,,,,,,,,,,,,,,,,,,,,,,44406,
[14783],OCEAN ISLAND,EASTER SEAMOUNT CHAIN - SALAS Y GOMEZ RIDGE / EASTER ISLAND (RAPA NUI) / RANO KAU / RANO KAU RIDGE / PACIFIC OCEAN,,-27.38,-27.39,-109.67,-109.68,SUBAQUATIC,-1506,-2144,s 25DS1 [14783],BASALT [14783],,,,,,,,,VOLCANIC ROCK,,,,,VOLCANIC GLASS [14783] ,,,,,,,,,,32262.639999999996,,,,,,,,,,,,,,,,,,,,,,,,,,,,,,,,,,,,,,,,,,,,,,446,8092,,,,,,,,,,,,,,,,,,,,,,,,,,,,,,,,,,,,,,,,,,,,,,,,,,,,,,,,,,,,,,,,,,,,,,,,,,,,,,,,,,,,,,,484183,
[14783],OCEAN ISLAND,EASTER SEAMOUNT CHAIN - SALAS Y GOMEZ RIDGE / EASTER ISLAND (RAPA NUI) / RANO KAU / RANO KAU RIDGE / PACIFIC OCEAN,,-27.38,-27.39,-109.67,-109.68,SUBAQUATIC,-1506,-2144,s 25DS2 [14783],BASALT [14783],,,,,,,,,VOLCANIC ROCK,,,,,VOLCANIC GLASS [14783] ,,,,,,,,,,33468.719999999994,,,,,,,,,,,,,,,,,,,,,,,,,,,,,,,,,,,,,,,,,,,,,,453,7619,,,,,,,,,,,,,,,,,,,,,,,,,,,,,,,,,,,,,,,,,,,,,,,,,,,,,,,,,,,,,,,,,,,,,,,,,,,,,,,,,,,,,,,484184,
[6182][2359][799],OCEAN ISLAND,EASTER SEAMOUNT CHAIN - SALAS Y GOMEZ RIDGE / EASTER ISLAND (RAPA NUI) / PACIFIC OCEAN,ROIHO LAVA FIELD,-26.92,-26.92,-109.35,-109.35,SUBAERIAL,,,s P3B [6182],BASALT [6182],,3000000 [6182],,,,,,FINE-GRAINED GROUNDMASS [2359] ,VOLCANIC ROCK,,,FRESH,,WHOLE_ROCK [6182] ,,,,,,,,,,,,,,,,,,,,,,,,,,,,,,,,,,,,,,,,,,,,,,,,,,,,,,,,,,,,,,,,,,,,,,,,,,,,,,,,,,,,,,,,,,,,45.6,107.3,,,14.2,,,,,,,,,,,,,,,,,,,,,,5.46,,,,,0.70293,,19.306,,15.605,,38.824,,,,,,,,,,,,,,,5100-P3B,
[6182][2359][799],OCEAN ISLAND,EASTER SEAMOUNT CHAIN - SALAS Y GOMEZ RIDGE / EASTER ISLAND (RAPA NUI) / PACIFIC OCEAN,ROIHO LAVA FIELD,-26.92,-26.92,-109.35,-109.35,SUBAERIAL,,,s P4 [6182],BASALT [6182],,3000000 [6182],,,,,,FINE-GRAINED GROUNDMASS [2359] ,VOLCANIC ROCK,,,FRESH,,WHOLE_ROCK [6182] ,,,,,,,,,,,,,,,,,,,,,,,,,,,,,,,,,,,,,,,,,,,,,,,,,,,,,,,,,,,,,,,,,,,,,,,,,,,,,,,,,,,,,,,,,,,,21.6,47.7,,,6.16,,,,,,,,,,,,,,,,,,,,,,2.6,,,,,0.703015,,19.666,,15.632,,39.379,,,,,,,,,,,,,,,5100-P4,
[2359][799],OCEAN ISLAND,EASTER SEAMOUNT CHAIN - SALAS Y GOMEZ RIDGE / EASTER ISLAND (RAPA NUI) / PACIFIC OCEAN,MOUNT RETU,-26.92,-26.92,-109.35,-109.35,SUBAERIAL,,,s P7 [2359],BASALT [2359],,,,,,,,FINE-GRAINED GROUNDMASS [2359] ,VOLCANIC ROCK,,,,,WHOLE_ROCK [2359] ,,,,,,,,,,,,,,,,,,,,,,,,,,,,,,,,,,,,,,,,,,,,,,,,,,,,,,,,,,,,,,,,,,,,,,,,,,,,,,,,,,,,,,,,,,,,,,,,,,,,,,,,,,,,,,,,,,,,,,,,,,,0.702962,,19.315,,15.593,,38.949,,,,,,,,,,,,,,,5101-P7,